name,,sim_team,y2020,y2021,y2022,y2023,y2024,y2025,ir,9_21_20
Jarrett Stidham,,ARI,"4,000,000.00","4,000,000.00","4,000,000.00",,,,,
Jordan Love,,ARI,"2,500,000.00","2,500,000.00","2,500,000.00","2,500,000.00",,,,
Alex Smith,,ARI,"1,000,000.00","1,000,000.00",,,,,,
Rex Burkhead,,ARI,"3,000,000.00",,,,,,,
Jerick McKinnon,,ARI,"1,000,000.00","1,000,000.00","1,000,000.00",,,,,
Antonio Gibson,,ARI,"4,000,000.00","4,000,000.00","4,000,000.00","4,000,000.00",,,,
Michael Gallup,,ARI,"9,000,000.00","9,000,000.00","9,000,000.00","9,000,000.00","9,000,000.00",,,
Julian Edelman,,ARI,"5,000,000.00","5,000,000.00","5,000,000.00",,,,,
Danny Amendola,,ARI,"2,000,000.00",,,,,,,
Equanimeous St. Brown,,ARI,"1,000,000.00","1,000,000.00","1,000,000.00","1,000,000.00",,,,
Trent Taylor,,ARI,"1,000,000.00",,,,,,,
Isaiah Hodgins,,ARI,"500,000.00","500,000.00","500,000.00",,,,IR,
Malcolm Perry,,ARI,"500,000.00","500,000.00","500,000.00",,,,,
Chris Hogan,,ARI,"900,000.00",,,,,,,
Eric Ebron,,ARI,"4,500,000.00","4,500,000.00",,,,,,
Jace Sternberger,,ARI,"3,000,000.00","3,000,000.00","3,000,000.00",,,,,
Logan Thomas,,ARI,"500,000.00","500,000.00","500,000.00",,,,,
Wil Lutz,,ARI,"3,500,000.00","3,500,000.00","3,500,000.00","3,500,000.00","3,500,000.00",,,
D.J. Reader,,ARI,"2,000,000.00","2,000,000.00","2,000,000.00","2,000,000.00",,,,
Michael Pierce,,ARI,0.00,"1,000,000.00","1,000,000.00",,,,,
Carlos Watkins,,ARI,"500,000.00",,,,,,,
Allen Bailey,,ARI,"500,000.00",,,,,,,
Blake Martinez,,ARI,"10,000,000.00","10,000,000.00","10,000,000.00","10,000,000.00","10,000,000.00",,,
Roquan Smith,,ARI,"8,000,000.00","3,000,000.00",,,,,,
Avery Williamson,,ARI,"3,000,000.00","3,000,000.00","3,000,000.00",,,,IR,
Kyler Fackrell,,ARI,"1,000,000.00",,,,,,,
Davion Taylor,,ARI,"1,000,000.00","1,000,000.00","1,000,000.00",,,,,
Mykal Walker,,ARI,"500,000.00","500,000.00","500,000.00",,,,,
Germaine Pratt,,ARI,"7,000,000.00","7,000,000.00","7,000,000.00",,,,,
Kamu Grugier-Hill,,ARI,"500,000.00","500,000.00",,,,,,
Devante Downs,,ARI,"500,000.00","500,000.00",,,,,,
Kareem Jackson,,ARI,"3,000,000.00","3,000,000.00",,,,,,
Marlon Humphrey,,ARI,"5,000,000.00","5,000,000.00","5,000,000.00","5,000,000.00","5,000,000.00",,,
Bryce Callahan,,ARI,"500,000.00","500,000.00","500,000.00",,,,,
Corey Ballentine,,ARI,"500,000.00","500,000.00",,,,,,
Terrance Mitchell,,ARI,"500,000.00",,,,,,,
Daniel Thomas,,ARI,"500,000.00","500,000.00","500,000.00",,,,,
Deshon Elliott,,ARI,"500,000.00","500,000.00",,,,,,
Jamal Adams,,ARI,"7,000,000.00","7,000,000.00","7,000,000.00","7,000,000.00","7,000,000.00",,,
Jessie Bates III,,ARI,"6,000,000.00","6,000,000.00","6,000,000.00","6,000,000.00","6,000,000.00",,,
Karl Joseph,,ARI,"3,000,000.00","3,000,000.00","3,000,000.00","3,000,000.00",,,,
Bobby McCain,,ARI,"1,000,000.00","1,000,000.00",,,,,,
Terrence Brooks,,ARI,"500,000.00",,,,,,,
Dwayne Haskins Jr.,,ATL,"5,000,000.00","5,000,000.00","5,000,000.00","5,000,000.00",,,,
Ronald Jones II,,ATL,"8,000,000.00","8,000,000.00","8,000,000.00","8,000,000.00",,,,
Myles Gaskin,,ATL,"2,000,000.00",,,,,,,
Jordan Scarlett,,ATL,"1,000,000.00",,,,,,,
D'Andre Swift,,ATL,"5,000,000.00","5,000,000.00","5,000,000.00","5,000,000.00",,,,
JuJu Smith-Schuster,,ATL,"12,000,000.00","12,000,000.00","12,000,000.00","12,000,000.00","12,000,000.00",,,
Christian Kirk,,ATL,"9,000,000.00","9,000,000.00","9,000,000.00","9,000,000.00","9,000,000.00",,,
Andy Isabella,,ATL,"4,000,000.00","4,000,000.00","4,000,000.00","4,000,000.00",,,,
Phillip Dorsett II,,ATL,"2,000,000.00",,,,,,,
Jauan Jennings,,ATL,"500,000.00","500,000.00","500,000.00",,,,,
George Kittle,,ATL,"12,000,000.00","12,000,000.00","12,000,000.00","12,000,000.00",,,,
Jordan Akins,,ATL,"1,000,000.00","1,000,000.00",,,,,,
Josh Lambo,,ATL,"1,000,000.00","1,000,000.00","1,000,000.00",,,,,
Ed Oliver,,ATL,"3,000,000.00","3,000,000.00","3,000,000.00","3,000,000.00","3,000,000.00",,,
Geno Atkins,,ATL,"1,000,000.00",,,,,,,
Myles Garrett,,ATL,"6,000,000.00","6,000,000.00","6,000,000.00","6,000,000.00","6,000,000.00",,,
Cameron Jordan,,ATL,"3,500,000.00","3,500,000.00","3,500,000.00",,,,,
Romeo Okwara,,ATL,"1,000,000.00","1,000,000.00",,,,,,
Jack Crawford,,ATL,"1,000,000.00",,,,,,,
Alec Ogletree,,ATL,"3,000,000.00",,,,,,,
Neville Hewitt,,ATL,"2,000,000.00",,,,,,,
Vic Beasley Jr.,,ATL,"2,000,000.00",,,,,,,
Jordan Jenkins,,ATL,"2,000,000.00",,,,,,,
Uchenna Nwosu,,ATL,"1,000,000.00","1,000,000.00",,,,,,
Kevin Minter,,ATL,"1,000,000.00",,,,,,,
Jacob Phillips,,ATL,"1,500,000.00","1,500,000.00","1,500,000.00","1,500,000.00",,,,
James Bradberry,,ATL,"3,000,000.00","3,000,000.00","3,000,000.00",,,,,
Desmond King II,,ATL,"3,000,000.00","3,000,000.00","3,000,000.00","3,000,000.00",,,,
Brian Poole,,ATL,"1,000,000.00","1,000,000.00",,,,,,
Jeff Okudah,,ATL,"1,000,000.00","1,000,000.00","1,000,000.00",,,,,
Derwin James Jr.,,ATL,"7,000,000.00","7,000,000.00","7,000,000.00","7,000,000.00","7,000,000.00",,,
Ronnie Harrison Jr.,,ATL,"4,500,000.00","4,500,000.00","4,500,000.00","4,500,000.00",,,,
Deionte Thompson,,ATL,"1,000,000.00","1,000,000.00","1,000,000.00",,,,,
Jared Goff,,BAL,"9,000,000.00","9,000,000.00","9,000,000.00","9,000,000.00",,,,
John Wolford,,BAL,"1,000,000.00",,,,,,,
Saquon Barkley,,BAL,"15,000,000.00","15,000,000.00","15,000,000.00","15,000,000.00","15,000,000.00",,,
AJ Dillon,,BAL,"3,500,000.00","3,500,000.00","3,500,000.00","3,500,000.00",,,,
Adam Thielen,,BAL,"9,000,000.00","9,000,000.00","9,000,000.00",,,,,
Brandin Cooks,,BAL,"6,000,000.00","6,000,000.00","6,000,000.00",,,,,
Mohamed Sanu,,BAL,"2,000,000.00",,,,,,,
Zay Jones,,BAL,"1,000,000.00","1,000,000.00",,,,,,
Marquise Goodwin,,BAL,"1,000,000.00","1,000,000.00",,,,,,
KJ Hamler,,BAL,"3,000,000.00","3,000,000.00","3,000,000.00","3,000,000.00",,,,
T.J. Hockenson,,BAL,"8,000,000.00","8,000,000.00","8,000,000.00","8,000,000.00","8,000,000.00",,,
Gerald Everett,,BAL,"2,000,000.00","2,000,000.00","2,000,000.00",,,,,
James O'Shaughnessy,,BAL,"2,000,000.00",,,,,,,
Brandon McManus,,BAL,"3,000,000.00",,,,,,,
Chris Jones,,BAL,"3,500,000.00","3,500,000.00","3,500,000.00","3,500,000.00",,,,
Eddie Goldman,,BAL,"1,000,000.00","1,000,000.00",,,,,,
Khalen Saunders,,BAL,"1,000,000.00","1,000,000.00",,,,,,
Josh AllenÂ ,,BAL,"4,500,000.00","4,500,000.00","4,500,000.00","4,500,000.00","4,500,000.00",,,
Trey Flowers,,BAL,"3,000,000.00","3,000,000.00","3,000,000.00","3,000,000.00",,,,
Jabaal Sheard,,BAL,"1,000,000.00",,,,,,,
Trey Hendrickson,,BAL,"1,000,000.00",,,,,,,
Deion Jones,,BAL,"7,000,000.00","7,000,000.00","7,000,000.00","7,000,000.00","7,000,000.00",,,
Myles Jack,,BAL,"5,000,000.00","5,000,000.00","5,000,000.00","5,000,000.00","5,000,000.00",,,
Ja'Whaun Bentley,,BAL,"3,000,000.00","3,000,000.00","3,000,000.00",,,,,
Josey Jewell,,BAL,"1,000,000.00","1,000,000.00",,,,,,
Elandon Roberts,,BAL,"1,000,000.00",,,,,,,
Markus Bailey,,BAL,"1,000,000.00","1,000,000.00","1,000,000.00",,,,,
Adoree' Jackson,,BAL,"3,000,000.00","3,000,000.00","3,000,000.00","3,000,000.00",,,,
Mike Hughes,,BAL,"2,000,000.00","2,000,000.00","2,000,000.00","2,000,000.00",,,,
Xavien Howard,,BAL,"2,000,000.00","2,000,000.00","2,000,000.00",,,,,
Donte Jackson,,BAL,"2,000,000.00","2,000,000.00","2,000,000.00",,,,,
Justin Reid,,BAL,"4,000,000.00","4,000,000.00","4,000,000.00","4,000,000.00",,,,
Juan Thornhill,,BAL,"3,000,000.00","3,000,000.00","3,000,000.00","3,000,000.00","3,000,000.00",,,
Patrick Chung,,BAL,"1,000,000.00","1,000,000.00",,,,,,
Nick Mullens,,BUF,"1,000,000.00","1,000,000.00","1,000,000.00",,,,,
Joe Burrow,,BUF,"5,000,000.00","5,000,000.00","5,000,000.00","5,000,000.00",,,,
Leonard Fournette,,BUF,"12,000,000.00","12,000,000.00","12,000,000.00","12,000,000.00",,,,
Mark Ingram II,,BUF,"9,000,000.00","9,000,000.00",,,,,,
Sony Michel,,BUF,"8,000,000.00","8,000,000.00","8,000,000.00",,,,,
Jaylen Samuels,,BUF,"4,000,000.00","4,000,000.00","4,000,000.00",,,,,
Raymond Calais,,BUF,"1,500,000.00","1,500,000.00","1,500,000.00","1,500,000.00",,,,
Ryan Nall,,BUF,"500,000.00",,,,,,,
Mike Evans,,BUF,"12,000,000.00","12,000,000.00","12,000,000.00","12,000,000.00","12,000,000.00",,,
Auden Tate,,BUF,"3,500,000.00",,,,,,,
Tre'Quan Smith,,BUF,"3,000,000.00",,,,,,,
John Brown,,BUF,"7,000,000.00",,,,,,,
Joe Reed,,BUF,"1,000,000.00","1,000,000.00","1,000,000.00",,,,,
Dede Westbrook,,BUF,"4,500,000.00","4,500,000.00",,,,,,
Will Dissly,,BUF,"6,000,000.00","6,000,000.00","6,000,000.00",,,,,
Vance McDonald,,BUF,"1,000,000.00",,,,,,,
Rob Gronkowski,,BUF,"1,000,000.00","1,000,000.00",,,,,,
Ross Dwelley,,BUF,"1,000,000.00",,,,,,,
Tyler Kroft,,BUF,"500,000.00",,,,,,,
Stephen Gostkowski,,BUF,"1,000,000.00",,,,,,,
Nick Folk,,BUF,"500,000.00",,,,,,,
Ndamukong Suh,,BUF,"2,000,000.00",,,,,,,
Nick Williams,,BUF,"1,000,000.00","1,000,000.00",,,,,,
Ronald Blair III,,BUF,"1,000,000.00",,,,,,IR,
Derek Wolfe,,BUF,"3,000,000.00","3,000,000.00",,,,,,
Trent Murphy,,BUF,"2,000,000.00",,,,,,,
Benson Mayowa,,BUF,"1,000,000.00",,,,,,,
Benardrick McKinney,,BUF,"5,000,000.00","5,000,000.00","5,000,000.00",,,,,
Nick Vigil,,BUF,"4,500,000.00","4,500,000.00","4,500,000.00","4,500,000.00",,,,
Patrick Onwuasor,,BUF,"2,000,000.00",,,,,,IR,
Tae Davis,,BUF,"1,300,000.00",,,,,,,
Marcus Peters,,BUF,"3,000,000.00","3,000,000.00","3,000,000.00","3,000,000.00",,,,
Rashaan Melvin,,BUF,0.00,,,,,,,
Daryl Worley,,BUF,"1,000,000.00","1,000,000.00","1,000,000.00",,,,,
Rashad Fenton,,BUF,"500,000.00",,,,,,,
Devin McCourty,,BUF,"3,000,000.00","3,000,000.00",,,,,,
Tashaun Gipson Sr.,,BUF,"2,000,000.00",,,,,,,
Jeff Heath,,BUF,"1,000,000.00","1,000,000.00",,,,,,
Ben Roethlisberger,,CAR,"7,000,000.00",,,,,,,
Jeff Driskel,,CAR,"1,000,000.00","1,000,000.00",,,,,,
Chase Daniel,,CAR,"1,000,000.00",,,,,,,
Tommy Stevens,,CAR,"500,000.00","500,000.00","500,000.00",,,,,
Alvin Kamara,,CAR,"14,000,000.00","14,000,000.00","14,000,000.00","14,000,000.00",,,,
Duke Johnson,,CAR,"4,500,000.00","4,500,000.00",,,,,,
Ty Montgomery,,CAR,"1,000,000.00",,,,,,,
David Montgomery,,CAR,"9,000,000.00","9,000,000.00","9,000,000.00","9,000,000.00",,,,
DK Metcalf,,CAR,"10,000,000.00","10,000,000.00","10,000,000.00","10,000,000.00","10,000,000.00",,,
Sammy Watkins,,CAR,"4,000,000.00","4,000,000.00",,,,,,
Jalen Hurd,,CAR,"3,000,000.00","3,000,000.00","3,000,000.00","3,000,000.00",,,IR,
Adam Humphries,,CAR,"2,000,000.00","2,000,000.00","2,000,000.00",,,,,
Braxton Berrios,,CAR,"1,000,000.00",,,,,,,
Dontrelle Inman,,CAR,"500,000.00",,,,,,,
Evan Engram,,CAR,"9,000,000.00","9,000,000.00","9,000,000.00","9,000,000.00",,,,
Ryan Izzo,,CAR,"1,000,000.00","1,000,000.00",,,,,,
Dalton Keene,,CAR,"1,000,000.00","1,000,000.00","1,000,000.00",,,,,
Harrison Butker,,CAR,"3,500,000.00","3,500,000.00","3,500,000.00","3,500,000.00","3,500,000.00",,,
Da'Ron Payne,,CAR,"3,000,000.00","3,000,000.00","3,000,000.00","3,000,000.00","3,000,000.00",,,
Beau Allen,,CAR,"500,000.00",,,,,,,
Emmanuel Ogbah,,CAR,"3,000,000.00","3,000,000.00",,,,,,
Alex Okafor,,CAR,"2,000,000.00",,,,,,,
Ezekiel Ansah,,CAR,"1,000,000.00",,,,,,,
Devin Bush,,CAR,"8,000,000.00","8,000,000.00","8,000,000.00","8,000,000.00","8,000,000.00",,,
Danny Trevathan,,CAR,"4,000,000.00","4,000,000.00","4,000,000.00",,,,,
Jason Pierre-Paul,,CAR,"2,000,000.00","2,000,000.00",,,,,,
Reuben Foster,,CAR,"2,000,000.00","2,000,000.00","2,000,000.00",,,,IR,
B.J. Goodson,,CAR,"1,000,000.00","1,000,000.00","1,000,000.00",,,,,
Marshon Lattimore,,CAR,"5,000,000.00","5,000,000.00","5,000,000.00","5,000,000.00","5,000,000.00",,,
Jalen Ramsey,,CAR,"3,000,000.00","3,000,000.00","3,000,000.00","3,000,000.00",,,,
Taron Johnson,,CAR,"1,000,000.00","1,000,000.00","1,000,000.00","1,000,000.00",,,,
Josh Jones,,CAR,"1,000,000.00","1,000,000.00","1,000,000.00","1,000,000.00",,,,
Tracy Walker,,CAR,"6,000,000.00","6,000,000.00","6,000,000.00","6,000,000.00","6,000,000.00",,,
Justin Evans,,CAR,"2,000,000.00","2,000,000.00","2,000,000.00","2,000,000.00",,,IR,
Marcell Harris,,CAR,"1,000,000.00","1,000,000.00","1,000,000.00",,,,,
Deon Bush,,CAR,"500,000.00",,,,,,,
Matt Ryan,,CHI,"9,000,000.00","9,000,000.00","9,000,000.00","9,000,000.00",,,,
Nate Stanley,,CHI,"500,000.00","500,000.00","500,000.00","500,000.00",,,,
Christian McCaffrey,,CHI,"15,000,000.00","15,000,000.00","15,000,000.00","15,000,000.00","15,000,000.00",,,
Dalvin Cook,,CHI,"14,000,000.00","14,000,000.00","14,000,000.00","14,000,000.00",,,,
T.J. Yeldon,,CHI,"2,000,000.00",,,,,,,
Artavis Pierce,,CHI,"800,000.00","800,000.00",,,,,,
Darrynton Evans,,CHI,"3,500,000.00","3,500,000.00","3,500,000.00","3,500,000.00",,,,
La'Mical Perine,,CHI,"3,000,000.00","3,000,000.00","3,000,000.00","3,000,000.00",,,,
Allen Robinson II,,CHI,"9,000,000.00","9,000,000.00","9,000,000.00","9,000,000.00","9,000,000.00",,,
Randall Cobb,,CHI,"4,500,000.00",,,,,,,
Greg Ward,,CHI,"3,500,000.00",,,,,,,
Jakobi Meyers,,CHI,"2,000,000.00",,,,,,,
Quintez Cephus,,CHI,"1,500,000.00","1,500,000.00","1,500,000.00","1,500,000.00",,,,
K.J. Osborn,,CHI,"500,000.00","500,000.00","500,000.00",,,,,
Drew Sample,,CHI,"1,000,000.00","1,000,000.00",,,,,,
Jonnu Smith,,CHI,"6,000,000.00","6,000,000.00","6,000,000.00",,,,,
Mo Alie-Cox,,CHI,"500,000.00",,,,,,,
Graham Gano,,CHI,"500,000.00",,,,,,,
Jeffery Simmons,,CHI,"3,000,000.00","3,000,000.00","3,000,000.00","3,000,000.00",,,,
Ross Blacklock,,CHI,"500,000.00","500,000.00","500,000.00","500,000.00",,,,
Matt Ioannidis,,CHI,"3,000,000.00","3,000,000.00","3,000,000.00",,,,,
Montez Sweat,,CHI,"3,000,000.00","3,000,000.00","3,000,000.00","3,000,000.00",,,,
Jonathan Greenard,,CHI,"500,000.00","500,000.00","500,000.00",,,,,
Marlon Davidson,,CHI,"500,000.00","500,000.00","500,000.00",,,,,
Zach Cunningham,,CHI,"8,000,000.00","8,000,000.00","8,000,000.00","8,000,000.00","8,000,000.00",,,
Denzel Perryman,,CHI,"2,000,000.00",,,,,,,
Derick Roberson,,CHI,"1,000,000.00","1,000,000.00",,,,,,
Kamal Martin,,CHI,"500,000.00","500,000.00",,,,,IR,
Khaleke Hudson,,CHI,"500,000.00","500,000.00",,,,,,
Luke Gifford,,CHI,"500,000.00","500,000.00",,,,,,
T.J. Brunson,,CHI,"500,000.00",,,,,,,
Tyrel Dodson,,CHI,"500,000.00","500,000.00",,,,,,
Levi Wallace,,CHI,"3,000,000.00","3,000,000.00","3,000,000.00",,,,,
Sam Beal,,CHI,0.00,"1,000,000.00",,,,,,
Johnathan Joseph,,CHI,"1,000,000.00",,,,,,,
Troy Pride Jr.,,CHI,"750,000.00","750,000.00","750,000.00",,,,,
Darnay Holmes,,CHI,"500,000.00","500,000.00",,,,,,
Holton Hill,,CHI,"500,000.00","500,000.00",,,,,,
Marcus Epps,,CHI,"500,000.00",,,,,,,
Alohi Gilman,,CHI,"500,000.00","500,000.00",,,,,,
Damarious Randall,,CHI,"3,000,000.00","3,000,000.00","3,000,000.00",,,,,
Eric Murray,,CHI,"1,000,000.00",,,,,,,
Tanner Muse,,CHI,"500,000.00","500,000.00",,,,,IR,
Gardner Minshew II,,Cin,"11,000,000.00","11,000,000.00","11,000,000.00","11,000,000.00",,,,
Josh Rosen,,Cin,"1,000,000.00","1,000,000.00","1,000,000.00",,,,,
Josh Dobbs,,Cin,"1,000,000.00",,,,,,,
Nick Chubb,,Cin,"13,000,000.00","13,000,000.00","13,000,000.00","13,000,000.00","13,000,000.00",,,
Bryce Love,,Cin,"3,500,000.00","3,500,000.00","3,500,000.00",,,,,
Kenneth Dixon,,Cin,"1,000,000.00",,,,,,,
Tyler Boyd,,Cin,"9,000,000.00","9,000,000.00","9,000,000.00","9,000,000.00",,,,
Chris Conley,,Cin,"3,000,000.00",,,,,,,
Kendrick Bourne,,Cin,"3,000,000.00","3,000,000.00",,,,,,
Deonte Harris,,Cin,"2,000,000.00",,,,,,,
Duke Williams,,Cin,"1,000,000.00",,,,,,,
Michael Pittman Jr.,,Cin,"4,500,000.00","4,500,000.00","4,500,000.00","4,500,000.00",,,,
K.J. Osborn,,Cin,"500,000.00","500,000.00","500,000.00",,,,,
Blake Jarwin,,Cin,"4,000,000.00","4,000,000.00","4,000,000.00","4,000,000.00",,,,
Jeremy Sprinkle,,Cin,"1,000,000.00","1,000,000.00",,,,,,
Dan Bailey,,Cin,"2,000,000.00","2,000,000.00",,,,,,
Kenny Clark,,Cin,"5,000,000.00","5,000,000.00","5,000,000.00","5,000,000.00","5,000,000.00",,,
Adam Butler,,Cin,"1,000,000.00",,,,,,,
Jaleel Johnson,,Cin,"1,000,000.00",,,,,,,
Shaq Lawson,,Cin,"3,000,000.00","3,000,000.00",,,,,,
Stephen Weatherly,,Cin,"1,000,000.00",,,,,,,
Julian Okwara,,Cin,"1,000,000.00","1,000,000.00","1,000,000.00",,,,,
Maxx Crosby,,Cin,"6,000,000.00","6,000,000.00","6,000,000.00","6,000,000.00",,,,
T.J. Watt,,Cin,"7,000,000.00","7,000,000.00","7,000,000.00","7,000,000.00","7,000,000.00",,,
Jerome Baker,,Cin,"7,000,000.00","7,000,000.00","7,000,000.00","7,000,000.00","7,000,000.00",,,
Haason Reddick,,Cin,"2,000,000.00","2,000,000.00",,,,,,
Vontaze Burfict,,Cin,"1,000,000.00",,,,,,,
K'lavon Chaisson,,Cin,"2,000,000.00","2,000,000.00","2,000,000.00","2,000,000.00",,,,
Carlton Davis III,,Cin,"4,500,000.00","4,500,000.00","4,500,000.00",,,,,
Trae Waynes,,Cin,"3,000,000.00","3,000,000.00","3,000,000.00",,,,,
Xavier Rhodes,,Cin,"2,000,000.00","2,000,000.00",,,,,,
Xavier Woods,,Cin,"3,000,000.00","3,000,000.00","3,000,000.00","3,000,000.00",,,,
Mike Edwards,,Cin,"2,000,000.00","2,000,000.00","2,000,000.00","2,000,000.00",,,,
Montae Nicholson,,Cin,"1,000,000.00",,,,,,,
Jayron Kearse,,Cin,"1,000,000.00",,,,,,,
Ryan Tannehill,,CLE,"9,000,000.00","9,000,000.00","9,000,000.00",,,,,
Jake Luton,,CLE,"500,000.00","500,000.00","500,000.00","500,000.00",,,,
Jamaal Williams,,CLE,"5,000,000.00","5,000,000.00",,,,,,
Darrel Williams,,CLE,"2,000,000.00",,,,,,,
Lamar Miller,,CLE,"2,000,000.00",,,,,,,
Josh Adams,,CLE,"1,000,000.00",,,,,,,
Marshawn Lynch,,CLE,"1,000,000.00",,,,,,,
Salvon Ahmed,,CLE,"500,000.00","500,000.00","500,000.00",,,,,
Tyreek Hill,,CLE,"13,000,000.00","13,000,000.00","13,000,000.00","13,000,000.00","13,000,000.00",,,
Julio Jones,,CLE,"11,000,000.00","11,000,000.00","11,000,000.00",,,,,
Geronimo Allison,,CLE,0.00,"1,000,000.00",,,,,,
Quincy Enunwa,,CLE,"1,000,000.00",,,,,,,
John Hightower,,CLE,"1,000,000.00","1,000,000.00","1,000,000.00",,,,,
Freddie Swain,,CLE,"500,000.00","500,000.00","500,000.00",,,,,
Quez Watkins,,CLE,"500,000.00","500,000.00","500,000.00",,,,,
Dawson Knox,,CLE,"4,000,000.00","4,000,000.00","4,000,000.00","4,000,000.00",,,,
Harrison Bryant,,CLE,"500,000.00","500,000.00","500,000.00",,,,,
Thaddeus Moss,,CLE,"500,000.00","500,000.00","500,000.00",,,,,
Mark Andrews,,CLE,"9,000,000.00","9,000,000.00","9,000,000.00","9,000,000.00","9,000,000.00",,,
Greg Joseph,,CLE,"1,000,000.00","1,000,000.00","1,000,000.00","1,000,000.00",,,,
Cairo Santos,,CLE,"700,000.00",,,,,,,
A'Shawn Robinson,,CLE,"2,000,000.00","2,000,000.00","2,000,000.00","2,000,000.00","2,000,000.00",,IR,
Mike Purcell,,CLE,"1,000,000.00",,,,,,,
Damon Harrison Sr.,,CLE,"1,000,000.00",,,,,,,
Yannick Ngakoue,,CLE,"4,500,000.00","4,500,000.00","4,500,000.00","4,500,000.00","4,500,000.00",,,
Chase Winovich,,CLE,"3,000,000.00","3,000,000.00","3,000,000.00","3,000,000.00","3,000,000.00",,,
Chase Young,,CLE,"4,500,000.00","4,500,000.00","4,500,000.00","4,500,000.00",,,,
Jordan Hicks,,CLE,"8,000,000.00","8,000,000.00","8,000,000.00","8,000,000.00",,,,
Shaquil Barrett,,CLE,"7,000,000.00","7,000,000.00","7,000,000.00","7,000,000.00",,,,
Za'Darius Smith,,CLE,"3,000,000.00","3,000,000.00","3,000,000.00","3,000,000.00",,,,
Foye Oluokun,,CLE,"3,000,000.00","3,000,000.00","3,000,000.00",,,,,
Aldon Smith,,CLE,"1,000,000.00","1,000,000.00",,,,,,
Byron Jones,,CLE,"3,000,000.00","3,000,000.00","3,000,000.00","3,000,000.00",,,,
Kendall Fuller,,CLE,"2,000,000.00","2,000,000.00","2,000,000.00",,,,,
Desmond Trufant,,CLE,"1,000,000.00","1,000,000.00",,,,,,
Kevin Johnson,,CLE,"1,000,000.00",,,,,,IR,
Tre Boston,,CLE,"3,500,000.00","3,500,000.00","3,500,000.00",,,,,
Micah Hyde,,CLE,"3,000,000.00","3,000,000.00",,,,,,
Kentrell Brice,,CLE,"1,000,000.00",,,,,,,
Antoine Winfield Jr.,,CLE,"2,000,000.00","2,000,000.00","2,000,000.00","2,000,000.00",,,,
malcolm smith,,CLE,"650,000.00","650,000.00","650,000.00",,,,,
Dak Prescott,,DAL,"14,000,000.00","14,000,000.00","14,000,000.00","14,000,000.00","14,000,000.00",,,
Andy Dalton,,DAL,"3,500,000.00",,,,,,,
Will Grier,,DAL,"1,000,000.00",,,,,,,
David Johnson,,DAL,"9,000,000.00","9,000,000.00","9,000,000.00",,,,,
Latavius Murray,,DAL,"5,000,000.00","5,000,000.00",,,,,,
Tevin Coleman,,DAL,"4,000,000.00","4,000,000.00","4,000,000.00",,,,,
Giovani Bernard,,DAL,"2,000,000.00",,,,,,,
Lynn Bowden Jr.,,DAL,"2,500,000.00","2,500,000.00","2,500,000.00","2,500,000.00",,,,
Tavien Feaster,,DAL,"1,000,000.00","1,000,000.00","1,000,000.00",,,,,
Keenan Allen,,DAL,"10,000,000.00","10,000,000.00","10,000,000.00",,,,,
Breshad Perriman,,DAL,"6,000,000.00",,,,,,,
DaeSean Hamilton,,DAL,"2,000,000.00",,,,,,,
Albert Wilson,,DAL,0.00,,,,,,,
Cedrick Wilson,,DAL,"1,000,000.00",,,,,,,
Tavon Austin,,DAL,"1,000,000.00",,,,,,,
Tyler Johnson,,DAL,"4,000,000.00","4,000,000.00","4,000,000.00","4,000,000.00",,,,
Jack Doyle,,DAL,"4,500,000.00","4,500,000.00",,,,,,
Foster Moreau,,DAL,"3,000,000.00","3,000,000.00","3,000,000.00",,,,,
Randy Bullock,,DAL,"2,000,000.00",,,,,,,
Kai Forbath,,DAL,"1,000,000.00",,,,,,,
Aaron Donald,,DAL,"8,000,000.00","8,000,000.00",,,,,,
Rasheem Green,,DAL,"2,000,000.00","2,000,000.00","2,000,000.00","2,000,000.00",,,,
Adrian Clayborn,,DAL,"1,000,000.00",,,,,,,
Chandler Jones,,DAL,"7,000,000.00","7,000,000.00",,,,,,
Damien Wilson,,DAL,"3,000,000.00",,,,,,,
A.J. Klein,,DAL,"3,000,000.00",,,,,,,
Oren Burks,,DAL,"1,000,000.00","1,000,000.00","1,000,000.00",,,,,
J.C. Jackson,,DAL,"3,000,000.00",,,,,,,
Vernon Hargreaves III,,DAL,"2,000,000.00","2,000,000.00",,,,,,
Bashaud Breeland,,DAL,"1,000,000.00",,,,,,,
Isaac Yiadom,,DAL,"1,000,000.00",,,,,,,
Cameron Dantzler,,DAL,"500,000.00","500,000.00","500,000.00",,,,,
Ha Ha Clinton-Dix,,DAL,"3,000,000.00",,,,,,,
Darian Thompson,,DAL,"1,000,000.00",,,,,,,
Antoine Bethea,,DAL,"1,000,000.00",,,,,,,
Josh Allen,,DEN,"14,000,000.00","14,000,000.00","14,000,000.00","14,000,000.00","14,000,000.00",,,
Matt Barkley,,DEN,"1,000,000.00","1,000,000.00","1,000,000.00","1,000,000.00",,,,
Jake Fromm,,DEN,"500,000.00","500,000.00","500,000.00",,,,,
Kenyan Drake,,DEN,"10,000,000.00","10,000,000.00","10,000,000.00","10,000,000.00",,,,
Chase Edmonds,,DEN,"4,500,000.00","4,500,000.00","4,500,000.00",,,,,
Ryquell Armstead,,DEN,"3,000,000.00","3,000,000.00","3,000,000.00",,,,,
Zack Moss,,DEN,"4,000,000.00","4,000,000.00","4,000,000.00","4,000,000.00",,,,
Curtis Samuel,,DEN,"8,000,000.00","8,000,000.00","8,000,000.00","8,000,000.00",,,,
Parris Campbell,,DEN,"5,000,000.00","5,000,000.00","5,000,000.00","5,000,000.00",,,,
Keke Coutee,,DEN,"3,000,000.00","3,000,000.00","3,000,000.00",,,,,
KeeSean Johnson,,DEN,"1,000,000.00","1,000,000.00","1,000,000.00","1,000,000.00",,,,
Byron Pringle,,DEN,"1,000,000.00","1,000,000.00",,,,,,
Austin Hooper,,DEN,"9,000,000.00","9,000,000.00","9,000,000.00","9,000,000.00",,,,
Trey Burton,,DEN,"1,000,000.00",,,,,,,
Michael Badgley,,DEN,"2,000,000.00",,,,,,,
Jurrell Casey,,DEN,"2,000,000.00","2,000,000.00",,,,,,
Grover Stewart,,DEN,"1,000,000.00",,,,,,,
Olivier Vernon,,DEN,"2,000,000.00","2,000,000.00",,,,,,
John Simon,,DEN,"2,000,000.00","2,000,000.00",,,,,,
Kentavius Street,,DEN,"1,000,000.00","1,000,000.00","1,000,000.00","1,000,000.00","1,000,000.00",,,
Shaq Thompson,,DEN,"7,000,000.00","7,000,000.00","7,000,000.00","7,000,000.00",,,,
Jon Bostic,,DEN,"3,500,000.00","3,500,000.00","3,500,000.00",,,,,
Whitney Mercilus,,DEN,"3,000,000.00","3,000,000.00","3,000,000.00",,,,,
Kamalei Correa,,DEN,"1,000,000.00","1,000,000.00",,,,,,
Christian Miller,,DEN,0.00,,,,,,,
Duke Ejiofor,,DEN,"1,000,000.00",,,,,,IR,
Jordyn Brooks,,DEN,"2,500,000.00","2,500,000.00","2,500,000.00","2,500,000.00",,,,
Julian Stanford,,DEN,"500,000.00",,,,,,,
Julian Love,,DEN,"3,000,000.00","3,000,000.00","3,000,000.00","3,000,000.00","3,000,000.00",,,
Janoris Jenkins,,DEN,"3,000,000.00","3,000,000.00",,,,,,
Anthony Brown,,DEN,"500,000.00",,,,,,,
A.J. Terrell,,DEN,"1,000,000.00","1,000,000.00","1,000,000.00",,,,,
Tavon Young,,DEN,"500,000.00",,,,,,,
John Johnson III,,DEN,"6,000,000.00","6,000,000.00","6,000,000.00","6,000,000.00","6,000,000.00",,,
Tyrann Mathieu,,DEN,"4,000,000.00","4,000,000.00","4,000,000.00",,,,,
Michael Thomas,,DEN,"1,000,000.00",,,,,,,
Drew Lock,,DET,"8,000,000.00","8,000,000.00","8,000,000.00","8,000,000.00","8,000,000.00",,,
Mason Rudolph,,DET,"3,000,000.00","3,000,000.00","3,000,000.00","3,000,000.00",,,,
Devin Singletary,,DET,"11,000,000.00","11,000,000.00","11,000,000.00","11,000,000.00","11,000,000.00",,,
Boston Scott,,DET,"4,500,000.00","4,500,000.00","4,500,000.00",,,,,
Bo Scarbrough,,DET,"2,000,000.00",,,,,,,
Chris Godwin,,DET,"13,000,000.00","13,000,000.00","13,000,000.00","13,000,000.00","13,000,000.00",,,
Mecole Hardman,,DET,"9,000,000.00","9,000,000.00","9,000,000.00","9,000,000.00","9,000,000.00",,,
A.J. Green,,DET,"6,000,000.00","6,000,000.00","6,000,000.00",,,,,
Kelvin Harmon,,DET,"3,000,000.00","3,000,000.00","3,000,000.00","3,000,000.00","3,000,000.00",,,
Damion Ratley,,DET,"1,000,000.00",,,,,,,
Jalen Reagor,,DET,"4,500,000.00","4,500,000.00","4,500,000.00","4,500,000.00",,,,
C.J. Uzomah,,DET,"2,000,000.00","2,000,000.00",,,,,,
Dan Arnold,,DET,"1,000,000.00","1,000,000.00","1,000,000.00",,,,,
Justin Rohrwasser,,DET,"1,000,000.00","1,000,000.00","1,000,000.00",,,,,
Arik Armstead,,DET,"3,500,000.00","3,500,000.00","3,500,000.00","3,500,000.00",,,,
Justin Jones,,DET,"1,000,000.00",,,,,,,
DeMarcus Lawrence,,DET,"4,000,000.00","4,000,000.00","4,000,000.00",,,,,
Dawuane Smoot,,DET,"1,000,000.00","1,000,000.00",,,,,,
Al-Quadin Muhammad,,DET,"1,000,000.00",,,,,,,
A.J. Epenesa,,DET,"2,000,000.00","2,000,000.00","2,000,000.00","2,000,000.00",,,,
Jayon Brown,,DET,"7,000,000.00","7,000,000.00","7,000,000.00","7,000,000.00",,,,
Demario Davis,,DET,"5,000,000.00","5,000,000.00",,,,,,
Jahlani Tavai,,DET,"3,000,000.00","3,000,000.00","3,000,000.00","3,000,000.00",,,,
T.J. Edwards,,DET,"2,000,000.00","2,000,000.00","2,000,000.00","2,000,000.00","2,000,000.00",,,
Kevin Pierre-Louis,,DET,"1,000,000.00",,,,,,,
David Long Jr.,,DET,"1,000,000.00","1,000,000.00","1,000,000.00","1,000,000.00",,,,
Justin Hollins,,DET,"1,000,000.00",,,,,,,
Jourdan Lewis,,DET,"2,000,000.00","2,000,000.00","2,000,000.00",,,,,
K'Waun Williams,,DET,"1,000,000.00","1,000,000.00",,,,,,
Mackensie Alexander,,DET,"1,000,000.00",,,,,,,
Amani Oruwariye,,DET,"1,000,000.00","1,000,000.00",,,,,,
Kristian Fulton,,DET,"500,000.00","500,000.00","500,000.00",,,,,
Eddie Jackson,,DET,"3,000,000.00","3,000,000.00","3,000,000.00","3,000,000.00",,,,
Malik Hooker,,DET,"3,000,000.00","3,000,000.00","3,000,000.00",,,,,
Duron Harmon,,DET,"2,000,000.00","2,000,000.00",,,,,,
Aaron Rodgers,,GBP,"12,000,000.00","12,000,000.00","12,000,000.00","12,000,000.00",,,,
Baker Mayfield,,GBP,"12,000,000.00","12,000,000.00","12,000,000.00","12,000,000.00","12,000,000.00",,,
Marcus Mariota,,GBP,"3,000,000.00","3,000,000.00","3,000,000.00",,,,,
Case Keenum,,GBP,"1,000,000.00",,,,,,,
Raheem Mostert,,GBP,"9,000,000.00","9,000,000.00","9,000,000.00",,,,,
Justin Jackson,,GBP,"6,000,000.00","6,000,000.00","6,000,000.00","6,000,000.00",,,,
Brian Hill,,GBP,"2,000,000.00","2,000,000.00",,,,,,
Ameer Abdullah,,GBP,"1,000,000.00",,,,,,,
Christian Wade,,GBP,"1,000,000.00","1,000,000.00","1,000,000.00","1,000,000.00",,,,
Cam Akers,,GBP,"5,000,000.00","5,000,000.00","5,000,000.00","5,000,000.00",,,,
Hunter Renfrow,,GBP,"7,000,000.00","7,000,000.00","7,000,000.00","7,000,000.00","7,000,000.00",,,
Devin Funchess,,GBP,0.00,"3,000,000.00",,,,,,
Josh Gordon,,GBP,"3,000,000.00","3,000,000.00",,,,,,
Jake Kumerow,,GBP,"1,000,000.00","1,000,000.00","1,000,000.00",,,,,
Marqise Lee,,GBP,0.00,,,,,,,
Reggie Begelton,,GBP,"1,000,000.00","1,000,000.00","1,000,000.00","1,000,000.00",,,,
Malik Taylor,,GBP,"500,000.00",,,,,,,
Matt LaCosse,,GBP,0.00,"1,000,000.00",,,,,,
Blake Bell,,GBP,"500,000.00",,,,,,,
Austin Seibert,,GBP,"2,000,000.00",,,,,,,
Cameron Heyward,,GBP,"5,000,000.00","5,000,000.00","5,000,000.00",,,,,
Carlos Dunlap,,GBP,"3,500,000.00","3,500,000.00","3,500,000.00","3,500,000.00",,,,
Taco Charlton,,GBP,"2,000,000.00",,,,,,,
Curtis Weaver,,GBP,"500,000.00","500,000.00","500,000.00",,,,IR,
Bobby Wagner,,GBP,"8,000,000.00","8,000,000.00","8,000,000.00","8,000,000.00",,,,
Markus Golden,,GBP,"3,000,000.00",,,,,,,
Christian Jones,,GBP,"2,000,000.00","2,000,000.00","2,000,000.00",,,,,
Clay Matthews,,GBP,"1,000,000.00",,,,,,,
Akeem Davis-Gaither,,GBP,"1,000,000.00","1,000,000.00","1,000,000.00",,,,,
Stephon Gilmore,,GBP,"4,500,000.00","4,500,000.00","4,500,000.00",,,,,
Joe Haden,,GBP,"4,000,000.00","4,000,000.00",,,,,,
Deatrick Nichols,,GBP,"1,000,000.00",,,,,,,
Shawn Williams,,GBP,"4,000,000.00","4,000,000.00",,,,,,
Damontae Kazee,,GBP,"3,000,000.00","3,000,000.00","3,000,000.00","3,000,000.00","3,000,000.00",,,
Juston Burris,,GBP,"2,000,000.00","2,000,000.00",,,,,,
Andrew Wingard,,GBP,"1,000,000.00",,,,,,,
Morgan Burnett,,GBP,"1,000,000.00",,,,,,,
Matthew Stafford,,HOU,"9,000,000.00","9,000,000.00","9,000,000.00","9,000,000.00",,,,
Joe Mixon,,HOU,"14,000,000.00","14,000,000.00","14,000,000.00","14,000,000.00","14,000,000.00",,,
Travis Homer,,HOU,"3,500,000.00",,,,,,,
Eno Benjamin,,HOU,"2,500,000.00","2,500,000.00","2,500,000.00","2,500,000.00",,,,
Courtland Sutton,,HOU,"10,000,000.00","10,000,000.00","10,000,000.00","10,000,000.00","10,000,000.00",,,
Allen Lazard,,HOU,"3,000,000.00","3,000,000.00","3,000,000.00","3,000,000.00",,,,
Justin Watson,,HOU,"2,000,000.00","2,000,000.00","2,000,000.00","2,000,000.00",,,,
Olamide Zaccheaus,,HOU,"1,000,000.00","1,000,000.00","1,000,000.00","1,000,000.00",,,,
Ashton Dulin,,HOU,"1,000,000.00","1,000,000.00","1,000,000.00","1,000,000.00","1,000,000.00",,,
Ryan Switzer,,HOU,"1,000,000.00",,,,,,,
Denzel Mims,,HOU,"4,000,000.00","4,000,000.00","4,000,000.00","4,000,000.00",,,,
Gabriel Davis,,HOU,"1,000,000.00","1,000,000.00","1,000,000.00",,,,,
Isaiah Coulter,,HOU,"500,000.00","500,000.00","500,000.00",,,,,
Mike Gesicki,,HOU,"6,000,000.00","6,000,000.00","6,000,000.00",,,,,
Ian Thomas,,HOU,"4,500,000.00","4,500,000.00","4,500,000.00","4,500,000.00",,,,
Adam Shaheen,,HOU,"1,000,000.00",,,,,,,
Stephen Hauschka,,HOU,"1,000,000.00",,,,,,,
Gerald McCoy,,HOU,"2,000,000.00",,,,,,,
Dalvin Tomlinson,,HOU,"1,000,000.00","1,000,000.00","1,000,000.00",,,,,
Maliek Collins,,HOU,"1,000,000.00","1,000,000.00","1,000,000.00",,,,,
Malcom Brown,,HOU,"1,000,000.00",,,,,,,
B.J. Hill,,HOU,"1,000,000.00",,,,,,,
Justin Houston,,HOU,"3,000,000.00",,,,,,,
Deatrich Wise Jr.,,HOU,"1,000,000.00","1,000,000.00","1,000,000.00",,,,,
Cory Littleton,,HOU,"8,000,000.00","8,000,000.00","8,000,000.00","8,000,000.00",,,,
K.J. Wright,,HOU,"7,000,000.00","7,000,000.00",,,,,,
Todd Davis,,HOU,"5,000,000.00","5,000,000.00",,,,,,
Lorenzo Carter,,HOU,"2,000,000.00","2,000,000.00","2,000,000.00","2,000,000.00","2,000,000.00",,,
Samson Ebukam,,HOU,"2,000,000.00","2,000,000.00","2,000,000.00","2,000,000.00","2,000,000.00",,,
Trayvon Mullen,,HOU,"3,000,000.00","3,000,000.00","3,000,000.00",,,,,
Chris Harris Jr.,,HOU,"2,000,000.00","2,000,000.00",,,,,,
Kendall Sheffield,,HOU,"1,000,000.00","1,000,000.00",,,,,,
Malcolm Jenkins,,HOU,"4,000,000.00","4,000,000.00","4,000,000.00",,,,,
Kenny Vaccaro,,HOU,"3,000,000.00","3,000,000.00",,,,,,
Bradley McDougald,,HOU,"3,000,000.00",,,,,,,
Kirk Cousins,,IND,"8,000,000.00","8,000,000.00","8,000,000.00","8,000,000.00",,,,
P.J. Walker,,IND,"1,000,000.00","1,000,000.00","1,000,000.00","1,000,000.00","1,000,000.00",,,
Chad Henne,,IND,"1,000,000.00",,,,,,,
Derrius Guice,,IND,"9,000,000.00","9,000,000.00","9,000,000.00",,,,,
Malcolm Brown,,IND,"7,000,000.00",,,,,,,
Royce Freeman,,IND,"3,000,000.00","3,000,000.00","3,000,000.00",,,,,
Chris Thompson,,IND,"1,000,000.00","1,000,000.00",,,,,,
Trenton Cannon,,IND,"1,000,000.00",,,,,,,
J.K. Dobbins,,IND,"5,000,000.00","5,000,000.00","5,000,000.00","5,000,000.00",,,,
Michael Warren II,,IND,"500,000.00","500,000.00","500,000.00",,,,,
Xavier Jones,,IND,"550,000.00","550,000.00",,,,,,
Tony Jones Jr,,IND,"550,000.00","550,000.00",,,,,,
Odell Beckham Jr.,,IND,"12,000,000.00","12,000,000.00","12,000,000.00","12,000,000.00","12,000,000.00",,,
Kenny Golladay,,IND,"12,000,000.00","12,000,000.00","12,000,000.00","12,000,000.00","12,000,000.00",,,
Golden Tate,,IND,"5,000,000.00","5,000,000.00",,,,,,
Alshon Jeffery,,IND,"4,000,000.00","4,000,000.00",,,,,,
Laquon Treadwell,,IND,"1,000,000.00",,,,,,,
Tim Patrick,,IND,"1,000,000.00",,,,,,,
Dez Bryant,,IND,"1,000,000.00",,,,,,,
Josh Doctson,,IND,"1,000,000.00",,,,,,,
Andre Roberts,,IND,"500,000.00",,,,,,,
Tyler Higbee,,IND,"6,000,000.00","6,000,000.00","6,000,000.00","6,000,000.00",,,,
Darren Fells,,IND,"3,000,000.00",,,,,,,
Chase McLaughlin,,IND,"1,000,000.00",,,,,,,
Sheldon Richardson,,IND,"3,000,000.00","3,000,000.00",,,,,,
Jerry Hughes,,IND,"2,000,000.00","2,000,000.00",,,,,,
Carl Lawson,,IND,"1,000,000.00","1,000,000.00","1,000,000.00",,,,,
Yetur Gross-Matos,,IND,"1,000,000.00","1,000,000.00","1,000,000.00",,,,,
Carl Granderson,,IND,"1,200,000.00","1,200,000.00",,,,,,
Jarrad Davis,,IND,"4,500,000.00","4,500,000.00","4,500,000.00","4,500,000.00",,,,
Anthony Hitchens,,IND,"3,500,000.00","3,500,000.00","3,500,000.00",,,,,
Dont'a Hightower,,IND,"3,000,000.00","3,000,000.00",,,,,,
Kiko Alonso,,IND,"3,000,000.00",,,,,,IR,
Joe Thomas,,IND,"600,000.00",,,,,,,
Dorian O'Daniel,,IND,"600,000.00",,,,,,,
Pierre Desir,,IND,"2,000,000.00","2,000,000.00","2,000,000.00",,,,,
Steve Nelson,,IND,"2,000,000.00","2,000,000.00","2,000,000.00",,,,,
John Reid,,IND,"750,000.00","750,000.00","750,000.00",,,,,
Jaquiski Tartt,,IND,"2,000,000.00","2,000,000.00","2,000,000.00","2,000,000.00",,,,
Andrew Sendejo,,IND,"2,000,000.00","2,000,000.00","2,000,000.00","2,000,000.00",,,,
L'Jarius Sneed,,IND,"1,200,000.00","1,200,000.00","1,200,000.00","1,200,000.00",,,,
Russell Wilson,,JAX,"13,000,000.00","13,000,000.00","13,000,000.00","13,000,000.00","13,000,000.00",,,
Robert Griffin III,,JAX,"1,000,000.00","1,000,000.00",,,,,,
Ito Smith,,JAX,"3,000,000.00","3,000,000.00",,,,,,
Dion Lewis,,JAX,"2,000,000.00",,,,,,,
J.J. Taylor,,JAX,"500,000.00",,,,,,,
Devontae Booker,,JAX,"1,600,000.00",,,,,,,
DeVante Parker,,JAX,"9,000,000.00","9,000,000.00","9,000,000.00","9,000,000.00",,,,
Kenny Stills,,JAX,"3,500,000.00","3,500,000.00","3,500,000.00",,,,,
Cordarrelle Patterson,,JAX,"2,000,000.00",,,,,,,
Allen Hurns,,JAX,0.00,"1,000,000.00","1,000,000.00",,,,,
Seth Roberts,,JAX,"1,000,000.00",,,,,,,
Henry Ruggs III,,JAX,"4,500,000.00","4,500,000.00","4,500,000.00","4,500,000.00",,,,
Travis Kelce,,JAX,"11,000,000.00","11,000,000.00","11,000,000.00",,,,,
Jaeden Graham,,JAX,"1,000,000.00",,,,,,,
Devin Asiasi,,JAX,"2,000,000.00","2,000,000.00","2,000,000.00","2,000,000.00",,,,
Brycen Hopkins,,JAX,"500,000.00","500,000.00","500,000.00",,,,,
Greg Zuerlein,,JAX,"3,000,000.00","3,000,000.00","3,000,000.00","3,000,000.00",,,,
Javon Hargrave,,JAX,"3,000,000.00","3,000,000.00",,,,,IR,
Johnathan Hankins,,JAX,"1,000,000.00",,,,,,,
Jihad Ward,,JAX,"500,000.00",,,,,,,
Dee Ford,,JAX,"2,000,000.00","2,000,000.00",,,,,,
Dean Lowry,,JAX,"2,000,000.00","2,000,000.00","2,000,000.00","2,000,000.00",,,,
William Gholston,,JAX,"1,000,000.00","1,000,000.00",,,,,,
Charles Omenihu,,JAX,"1,000,000.00",,,,,,,
Joe Schobert,,JAX,"8,000,000.00","8,000,000.00","8,000,000.00","8,000,000.00",,,,
C.J. Mosley,,JAX,0.00,"6,000,000.00","6,000,000.00",,,,,
Matt Judon,,JAX,"3,000,000.00","3,000,000.00","3,000,000.00",,,,,
Leonard Floyd,,JAX,"1,000,000.00","1,000,000.00","1,000,000.00",,,,,
Andrew Van Ginkel,,JAX,"1,000,000.00",,,,,,,
Josh Uche,,JAX,"1,000,000.00","1,000,000.00","1,000,000.00",,,,,
Jeremiah Attaochu,,JAX,"500,000.00",,,,,,,
Krys Barnes,,JAX,"800,000.00","800,000.00",,,,,,
Tre Flowers,,JAX,"5,000,000.00","5,000,000.00","5,000,000.00","5,000,000.00","5,000,000.00",,,
Denzel Ward,,JAX,"4,000,000.00","4,000,000.00","4,000,000.00","4,000,000.00","4,000,000.00",,,
Gareon Conley,,JAX,"2,000,000.00","2,000,000.00","2,000,000.00","2,000,000.00",,,IR,
Dre Kirkpatrick,,JAX,"1,000,000.00",,,,,,,
Landon Collins,,JAX,"7,000,000.00","7,000,000.00","7,000,000.00","7,000,000.00","7,000,000.00",,,
Terrell Edmunds,,JAX,"4,500,000.00","4,500,000.00","4,500,000.00","4,500,000.00","4,500,000.00",,,
Jordan Whitehead,,JAX,"3,000,000.00","3,000,000.00",,,,,,
Clayton Geathers,,JAX,"1,000,000.00","1,000,000.00","1,000,000.00","1,000,000.00",,,,
Drew Brees,,KC,"8,000,000.00","8,000,000.00",,,,,,
Derrick Henry,,KC,"14,000,000.00","14,000,000.00","14,000,000.00","14,000,000.00",,,,
Chris Carson,,KC,"10,000,000.00","10,000,000.00","10,000,000.00",,,,,
Brandon Bolden,,KC,"1,000,000.00",,,,,,,
Jason Huntley,,KC,"500,000.00","500,000.00","500,000.00",,,,,
Robert Woods,,KC,"9,000,000.00","9,000,000.00","9,000,000.00","9,000,000.00",,,,
James Washington,,KC,"5,000,000.00","5,000,000.00",,,,,,
Demarcus Robinson,,KC,"2,000,000.00","2,000,000.00","2,000,000.00",,,,,
Pharoh Cooper,,KC,"1,000,000.00",,,,,,,
Marcus Johnson,,KC,"1,000,000.00",,,,,,,
Brandon Aiyuk,,KC,"4,000,000.00","4,000,000.00","4,000,000.00","4,000,000.00",,,,
Cameron Brate,,KC,"3,000,000.00","3,000,000.00",,,,,,
Hunter Henry,,KC,"7,000,000.00","7,000,000.00","7,000,000.00","7,000,000.00",,,,
Jake Elliott,,KC,"2,000,000.00","2,000,000.00","2,000,000.00","2,000,000.00",,,,
Grady Jarrett,,KC,"3,000,000.00","3,000,000.00","3,000,000.00","3,000,000.00","3,000,000.00",,,
Denico Autry,,KC,"1,000,000.00",,,,,,,
Joey Bosa,,KC,"6,000,000.00","6,000,000.00","6,000,000.00","6,000,000.00","6,000,000.00",,,
Michael Brockers,,KC,"3,000,000.00","3,000,000.00",,,,,,
Chris Wormley,,KC,"1,000,000.00",,,,,,,
Eric Kendricks,,KC,"7,000,000.00","7,000,000.00","7,000,000.00",,,,,
Anthony Barr,,KC,"3,500,000.00","3,500,000.00","3,500,000.00","3,500,000.00",,,,
Devon Kennard,,KC,"2,000,000.00",,,,,,,
Brennan Scarlett,,KC,"2,000,000.00","2,000,000.00",,,,,,
Vince Williams,,KC,"2,000,000.00","2,000,000.00",,,,,,
Travin Howard,,KC,"1,000,000.00",,,,,,,
Trent Harris,,KC,"1,000,000.00",,,,,,,
Kyle Fuller,,KC,"4,500,000.00","4,500,000.00","4,500,000.00",,,,,
Eric Rowe,,KC,"3,000,000.00",,,,,,,
Fabian Moreau,,KC,"1,000,000.00",,,,,,,
Jason McCourty,,KC,"1,000,000.00",,,,,,,
Adrian Amos,,KC,"4,000,000.00","4,000,000.00","4,000,000.00",,,,,
Jarrod Wilson,,KC,"3,000,000.00","3,000,000.00","3,000,000.00",,,,,
Adrian Colbert,,KC,"1,000,000.00",,,,,,,
Raven Greene,,KC,"1,000,000.00",,,,,,,
Kyler Murray,,LAC,"14,000,000.00","14,000,000.00","14,000,000.00","14,000,000.00","14,000,000.00",,,
Kerryon Johnson,,LAC,"10,000,000.00","10,000,000.00","10,000,000.00","10,000,000.00","10,000,000.00",,,
Damien Harris,,LAC,"5,000,000.00","5,000,000.00","5,000,000.00","5,000,000.00","5,000,000.00",,IR,
Rodney Anderson,,LAC,"2,000,000.00","2,000,000.00",,,,,,
Karan Higdon Jr.,,LAC,"1,000,000.00",,,,,,,
Joshua Kelley,,LAC,"2,500,000.00","2,500,000.00","2,500,000.00","2,500,000.00",,,,
Devine Ozigbo,,LAC,"500,000.00","500,000.00","500,000.00",,,,IR,
Terry McLaurin,,LAC,"9,000,000.00","9,000,000.00","9,000,000.00","9,000,000.00","9,000,000.00",,,
N'Keal Harry,,LAC,"8,000,000.00","8,000,000.00","8,000,000.00","8,000,000.00","8,000,000.00",,,
Hakeem Butler,,LAC,"3,000,000.00","3,000,000.00","3,000,000.00",,,,,
Scotty Miller,,LAC,"2,000,000.00","2,000,000.00","2,000,000.00",,,,,
Isaiah Ford,,LAC,"1,000,000.00",,,,,,,
Greg Dortch,,LAC,"1,000,000.00",,,,,,,
Emanuel Hall,,LAC,"1,000,000.00",,,,,,IR,
Laviska Shenault Jr.,,LAC,"4,000,000.00","4,000,000.00","4,000,000.00","4,000,000.00",,,,
Chris Herndon,,LAC,"3,000,000.00","3,000,000.00","3,000,000.00","3,000,000.00",,,,
Kahale Warring,,LAC,"2,000,000.00","2,000,000.00","2,000,000.00",,,,,
Tyler Bass,,LAC,"500,000.00","500,000.00","500,000.00",,,,,
Davon Godchaux,,LAC,"3,000,000.00","3,000,000.00",,,,,,
L.J. Collier,,LAC,"1,000,000.00","1,000,000.00",,,,,,
Leighton Vander Esch,,LAC,"7,000,000.00","7,000,000.00","7,000,000.00","7,000,000.00","7,000,000.00",,IR,
Cole Holcomb,,LAC,"4,500,000.00","4,500,000.00","4,500,000.00","4,500,000.00",,,,
Rashan Gary,,LAC,"3,000,000.00","3,000,000.00","3,000,000.00","3,000,000.00",,,,
Ulysees Gilbert III,,LAC,"1,000,000.00","1,000,000.00",,,,,,
Ben Burr-Kirven,,LAC,"1,000,000.00","1,000,000.00",,,,,,
D'Andre Walker,,LAC,"1,000,000.00","1,000,000.00",,,,,,
Jermaine Carter Jr.,,LAC,"1,000,000.00",,,,,,,
Troy Dye,,LAC,"1,000,000.00","1,000,000.00","1,000,000.00",,,,,
Alex Highsmith,,LAC,"500,000.00","500,000.00","500,000.00",,,,,
Shaquill Griffin,,LAC,"3,500,000.00","3,500,000.00","3,500,000.00","3,500,000.00",,,,
Kenny Moore II,,LAC,"3,000,000.00","3,000,000.00","3,000,000.00","3,000,000.00",,,,
Sean Murphy-Bunting,,LAC,"2,000,000.00","2,000,000.00","2,000,000.00",,,,,
Jimmy Moreland,,LAC,"1,000,000.00",,,,,,,
Jabrill Peppers,,LAC,"6,000,000.00","6,000,000.00","6,000,000.00","6,000,000.00",,,,
Khari Willis,,LAC,"4,000,000.00","4,000,000.00","4,000,000.00",,,,,
Amani Hooker,,LAC,"2,000,000.00",,,,,,,
Ugo Amadi,,LAC,"1,000,000.00","1,000,000.00","1,000,000.00",,,,,
chandon sullivan,,LAC,"500,000.00","500,000.00","500,000.00",,,,,
Philip Rivers,,LAR,"4,500,000.00","4,500,000.00","4,500,000.00",,,,,
James Conner,,LAR,"9,000,000.00","9,000,000.00","9,000,000.00","9,000,000.00","9,000,000.00",,,
Devonta Freeman,,LAR,"4,000,000.00","4,000,000.00",,,,,,
James Robinson,,LAR,"500,000.00","500,000.00","500,000.00",,,,,
DeAndre Hopkins,,LAR,"15,000,000.00","15,000,000.00","15,000,000.00","15,000,000.00","15,000,000.00",,,
Marquise Brown,,LAR,"9,000,000.00","9,000,000.00","9,000,000.00","9,000,000.00","9,000,000.00",,,
Marvin Jones Jr.,,LAR,"5,000,000.00","5,000,000.00","5,000,000.00","5,000,000.00",,,,
Cole Beasley,,LAR,"3,500,000.00","3,500,000.00","3,500,000.00","3,500,000.00",,,,
Van Jefferson Jr.,,LAR,"3,000,000.00","3,000,000.00","3,000,000.00","3,000,000.00",,,,
James Proche,,LAR,"1,000,000.00","1,000,000.00","1,000,000.00",,,,,
Dezmon Patmon,,LAR,"800,000.00",,,,,,,
Jared Cook,,LAR,"6,000,000.00","6,000,000.00","6,000,000.00","6,000,000.00",,,,
Tyler Eifert,,LAR,"2,000,000.00","2,000,000.00","2,000,000.00","2,000,000.00","2,000,000.00",,,
Matt Gay,,LAR,"3,000,000.00","3,000,000.00","3,000,000.00","3,000,000.00",,,,
Dustin Hopkins,,LAR,"1,000,000.00","1,000,000.00",,,,,,
Lirim Hajrullahu,,LAR,"1,000,000.00",,,,,,,
Ryan Succop,,LAR,"850,000.00","850,000.00","850,000.00","850,000.00",,,,
Cody Parkey,,LAR,"820,000.00","820,000.00","820,000.00","820,000.00",,,,
Linval Joseph,,LAR,"1,000,000.00","1,000,000.00","1,000,000.00",,,,,
Henry Anderson,,LAR,"1,000,000.00",,,,,,,
Melvin Ingram III,,LAR,"3,000,000.00","3,000,000.00","3,000,000.00",,,,,
J.J. Watt,,LAR,"3,000,000.00","3,000,000.00","3,000,000.00",,,,,
Lavonte David,,LAR,"7,000,000.00","7,000,000.00","7,000,000.00","7,000,000.00",,,,
Josh Bynes,,LAR,"2,000,000.00","2,000,000.00","2,000,000.00",,,,,
Mark Barron,,LAR,"2,000,000.00","2,000,000.00",,,,,,
Sam Eguavoen,,LAR,"1,000,000.00",,,,,,,
Preston Brown,,LAR,"1,000,000.00","1,000,000.00",,,,,,
Rock Ya-Sin,,LAR,"3,000,000.00","3,000,000.00","3,000,000.00","3,000,000.00","3,000,000.00",,,
Quinton Dunbar,,LAR,"3,000,000.00",,,,,,,
Eli Apple,,LAR,"2,000,000.00","2,000,000.00","2,000,000.00","2,000,000.00",,,,
Malcolm Butler,,LAR,"1,000,000.00","1,000,000.00","1,000,000.00",,,,,
Budda Baker,,LAR,"8,000,000.00","8,000,000.00","8,000,000.00","8,000,000.00","8,000,000.00",,,
Tavon Wilson,,LAR,"2,000,000.00",,,,,,,
Reshad Jones,,LAR,"1,000,000.00","1,000,000.00",,,,,,
Andrew Adams,,LAR,"1,000,000.00","1,000,000.00",,,,,,
Jeremy Chinn,,LAR,"3,500,000.00","3,500,000.00","3,500,000.00","3,500,000.00",,,,
Derek Carr,,LV,"8,000,000.00","8,000,000.00","8,000,000.00",,,,,
Josh Jacobs,,LV,"14,000,000.00","14,000,000.00","14,000,000.00","14,000,000.00","14,000,000.00",,,
Damien Williams,,LV,0.00,"9,000,000.00",,,,,,
Wayne Gallman Jr.,,LV,"1,000,000.00",,,,,,,
Adrian Peterson,,LV,"5,400,000.00",,,,,,,
Tyler Lockett,,LV,"10,000,000.00","10,000,000.00","10,000,000.00","10,000,000.00","10,000,000.00",,,
Michael Thomas,,LV,"15,000,000.00","15,000,000.00","15,000,000.00","15,000,000.00","15,000,000.00",,,
Willie Snead IV,,LV,"2,000,000.00","2,000,000.00","2,000,000.00",,,,,
Trey Quinn,,LV,"1,000,000.00","1,000,000.00",,,,,,
Deontay Burnett,,LV,"1,000,000.00",,,,,,,
Chase Claypool,,LV,"2,500,000.00","2,500,000.00","2,500,000.00","2,500,000.00",,,,
O.J. Howard,,LV,"7,000,000.00","7,000,000.00","7,000,000.00","7,000,000.00",,,,
Greg Olsen,,LV,"3,000,000.00",,,,,,,
Dalton Schultz,,LV,"500,000.00",,,,,,,
Ka'imi Fairbairn,,LV,"2,000,000.00","2,000,000.00","2,000,000.00","2,000,000.00",,,,
Jarran Reed,,LV,"2,000,000.00","2,000,000.00",,,,,,
Tyeler Davison,,LV,"1,000,000.00","1,000,000.00","1,000,000.00",,,,,
Stephon Tuitt,,LV,"3,500,000.00","3,500,000.00","3,500,000.00","3,500,000.00",,,,
Jonathan Ledbetter,,LV,"2,000,000.00","2,000,000.00","2,000,000.00","2,000,000.00",,,,
Quinton Jefferson,,LV,"1,000,000.00","1,000,000.00",,,,,,
Nick Kwiatkoski,,LV,"6,000,000.00","6,000,000.00","6,000,000.00","6,000,000.00",,,,
Kyle Van Noy,,LV,"3,000,000.00","3,000,000.00","3,000,000.00","3,000,000.00",,,,
Blake Cashman,,LV,"3,000,000.00","3,000,000.00","3,000,000.00",,,,,
Troy Reeder,,LV,"2,000,000.00","2,000,000.00",,,,,,
Brandon Copeland,,LV,"1,000,000.00",,,,,,,
Malik Reed,,LV,"1,000,000.00",,,,,,,
Will Compton,,LV,"500,000.00",,,,,,,
Jaire Alexander,,LV,"4,000,000.00","4,000,000.00","4,000,000.00","4,000,000.00","4,000,000.00",,,
Bradley Roby,,LV,"3,000,000.00","3,000,000.00","3,000,000.00",,,,,
Ross Cockrell,,LV,"1,000,000.00",,,,,,,
Jomal Wiltz,,LV,"1,000,000.00",,,,,,,
Darqueze Dennard,,LV,"1,000,000.00",,,,,,,
Damon Arnette,,LV,"500,000.00","500,000.00","500,000.00",,,,,
Vonn Bell,,LV,"5,000,000.00","5,000,000.00","5,000,000.00",,,,,
Ricardo Allen,,LV,"3,000,000.00","3,000,000.00",,,,,,
Chris Banjo,,LV,"500,000.00",,,,,,,
Lamar Jackson,,MIA,"15,000,000.00","15,000,000.00","15,000,000.00","15,000,000.00","15,000,000.00",,,
Trace McSorley,,MIA,"1,000,000.00",,,,,,,
Darwin Thompson,,MIA,"4,000,000.00","4,000,000.00","4,000,000.00","4,000,000.00",,,,
Ty Johnson,,MIA,"2,000,000.00","2,000,000.00","2,000,000.00",,,,,
Dontrell Hilliard,,MIA,"2,000,000.00","2,000,000.00","2,000,000.00",,,,,
Anthony McFarland Jr.,,MIA,"3,500,000.00","3,500,000.00","3,500,000.00","3,500,000.00",,,,
T.Y. Hilton,,MIA,"8,000,000.00","8,000,000.00","8,000,000.00",,,,,
Preston Williams,,MIA,"7,000,000.00","7,000,000.00","7,000,000.00","7,000,000.00",,,,
Alex Erickson,,MIA,"2,000,000.00","2,000,000.00","2,000,000.00","2,000,000.00",,,,
David Moore,,MIA,"1,000,000.00","1,000,000.00","1,000,000.00",,,,,
Devin Duvernay,,MIA,"3,000,000.00","3,000,000.00","3,000,000.00","3,000,000.00",,,,
Darren Waller,,MIA,"9,000,000.00","9,000,000.00","9,000,000.00","9,000,000.00",,,,
Robert Tonyan,,MIA,"1,000,000.00","1,000,000.00",,,,,,
Zane Gonzalez,,MIA,"3,500,000.00","3,500,000.00",,,,,,
Vita Vea,,MIA,"2,000,000.00","2,000,000.00","2,000,000.00","2,000,000.00","2,000,000.00",,,
Kawann Short,,MIA,"1,000,000.00",,,,,,,
Brandon Graham,,MIA,"3,000,000.00","3,000,000.00","3,000,000.00","3,000,000.00",,,,
Leonard Williams,,MIA,"3,000,000.00","3,000,000.00","3,000,000.00","3,000,000.00",,,,
Carl Nassib,,MIA,"2,000,000.00","2,000,000.00",,,,,,
DeMarcus Walker,,MIA,"1,000,000.00",,,,,,,
Jaylon Smith,,MIA,"9,000,000.00","9,000,000.00","9,000,000.00","9,000,000.00","9,000,000.00",,,
Jamie Collins Sr.,,MIA,"4,500,000.00","4,500,000.00","4,500,000.00",,,,,
Tahir Whitehead,,MIA,"3,000,000.00","3,000,000.00",,,,,,
Tyus Bowser,,MIA,"1,000,000.00","1,000,000.00",,,,,,
Austin Calitro,,MIA,"1,000,000.00",,,,,,,
Jacob Martin,,MIA,"1,000,000.00",,,,,,,
Tre Herndon,,MIA,"3,000,000.00","3,000,000.00",,,,,,
Justin Coleman,,MIA,"3,000,000.00",,,,,,,
Michael Davis,,MIA,"1,000,000.00",,,,,,,
Kevin Byard,,MIA,"6,000,000.00","6,000,000.00","6,000,000.00","6,000,000.00","6,000,000.00",,,
Harrison Smith,,MIA,"5,000,000.00","5,000,000.00","5,000,000.00",,,,,
Will Parks,,MIA,"1,000,000.00",,,,,,,
Eric Weddle,,MIA,"1,000,000.00",,,,,,,
Jordan Fuller,,MIA,"1,000,000.00","1,000,000.00","1,000,000.00",,,,,
Ashtyn Davis,,MIA,"500,000.00","500,000.00","500,000.00",,,,,
Taysom Hill,,MIN,"3,500,000.00","3,500,000.00","3,500,000.00",,,,,
Joe Flacco,,MIN,"1,000,000.00",,,,,,,
Justice Hill,,MIN,"5,000,000.00","5,000,000.00","5,000,000.00",,,,,
LeSean McCoy,,MIN,"2,000,000.00",,,,,,,
K.J. Hill,,MIN,"1,000,000.00","1,000,000.00","1,000,000.00",,,,,
Deebo Samuel,,MIN,"9,000,000.00","9,000,000.00","9,000,000.00","9,000,000.00","9,000,000.00",,,
Corey Davis,,MIN,"4,500,000.00","4,500,000.00",,,,,,
Olabisi Johnson,,MIN,"3,000,000.00","3,000,000.00",,,,,,
Bryan Edwards,,MIN,"3,000,000.00","3,000,000.00","3,000,000.00","3,000,000.00",,,,
Darnell Mooney,,MIN,"500,000.00","500,000.00","500,000.00",,,,,
Tee Higgins,,MIN,"4,000,000.00","4,000,000.00","4,000,000.00","4,000,000.00",,,,
Nelson Agholor,,MIN,"3,000,000.00",,,,,,,
Noah Fant,,MIN,"8,000,000.00","8,000,000.00","8,000,000.00","8,000,000.00",,,,
Hunter Bryant,,MIN,"500,000.00","500,000.00","500,000.00",,,,,
Rodrigo Blankenship,,MIN,"1,000,000.00","1,000,000.00","1,000,000.00",,,,,
Akiem Hicks,,MIN,"1,000,000.00","1,000,000.00",,,,,,
Sheldon Rankins,,MIN,"1,000,000.00","1,000,000.00",,,,,,
David Onyemata,,MIN,"1,000,000.00",,,,,,,
Shy Tuttle,,MIN,"1,000,000.00",,,,,,,
Dre'Mont Jones,,MIN,"3,000,000.00","3,000,000.00","3,000,000.00",,,,,
Jonathan Bullard,,MIN,"1,000,000.00",,,,,,,
Michael Bennett,,MIN,"1,000,000.00",,,,,,,
Bobby Okereke,,MIN,"3,000,000.00","3,000,000.00","3,000,000.00","3,000,000.00","3,000,000.00",,,
Alex Anzalone,,MIN,"3,000,000.00","3,000,000.00","3,000,000.00","3,000,000.00",,,,
Donald Payne,,MIN,"2,000,000.00",,,,,,,
Reggie Ragland,,MIN,"1,000,000.00",,,,,,,
Darron Lee,,MIN,"1,000,000.00",,,,,,,
Jordan Evans,,MIN,"1,000,000.00","1,000,000.00",,,,,,
Zack Baun,,MIN,"1,500,000.00","1,500,000.00","1,500,000.00","1,500,000.00",,,,
Logan Wilson,,MIN,"2,500,000.00","2,500,000.00","2,500,000.00","2,500,000.00",,,,
Patrick Queen,,MIN,"4,000,000.00","4,000,000.00","4,000,000.00","4,000,000.00",,,,
Mike Hilton,,MIN,"2,000,000.00","2,000,000.00","2,000,000.00",,,,,
Avonte Maddox,,MIN,"2,000,000.00","2,000,000.00","2,000,000.00",,,,,
T.J. Carrie,,MIN,"2,000,000.00",,,,,,,
Bless Austin,,MIN,"1,000,000.00",,,,,,,
Noah Igbinoghene,,MIN,"1,000,000.00","1,000,000.00","1,000,000.00",,,,,
Taylor Rapp,,MIN,"6,000,000.00","6,000,000.00","6,000,000.00","6,000,000.00","6,000,000.00",,,
Jalen Thompson,,MIN,"3,000,000.00","3,000,000.00","3,000,000.00","3,000,000.00",,,,
Grant Delpit,,MIN,"2,500,000.00","2,500,000.00","2,500,000.00","2,500,000.00",,,,
Nick Foles,,NE,"3,500,000.00","3,500,000.00","3,500,000.00","3,500,000.00",,,,
Andrew Luck,,NE,"1,000,000.00","1,000,000.00",,,,,,
Alexander Mattison,,NE,"8,000,000.00","8,000,000.00","8,000,000.00","8,000,000.00","8,000,000.00",,,
Gus Edwards,,NE,"4,500,000.00","4,500,000.00","4,500,000.00","4,500,000.00",,,,
J.D. McKissic,,NE,"2,000,000.00","2,000,000.00",,,,,,
Mike Davis,,NE,"1,000,000.00","1,000,000.00","1,000,000.00",,,,,
Davante Adams,,NE,"13,000,000.00","13,000,000.00","13,000,000.00","13,000,000.00","13,000,000.00",,,
A.J. Brown,,NE,"11,000,000.00","11,000,000.00","11,000,000.00","11,000,000.00","11,000,000.00",,,
Darius Slayton,,NE,"9,000,000.00","9,000,000.00","9,000,000.00","9,000,000.00","9,000,000.00",,,
Jamison Crowder,,NE,"5,000,000.00","5,000,000.00","5,000,000.00","5,000,000.00",,,,
Isaiah McKenzie,,NE,"1,000,000.00",,,,,,,
Justin Jefferson,,NE,"4,500,000.00","4,500,000.00","4,500,000.00","4,500,000.00",,,,
Collin Johnson,,NE,"1,000,000.00","1,000,000.00","1,000,000.00",,,,,
Ryan Griffin,,NE,"2,000,000.00","2,000,000.00","2,000,000.00",,,,,
Delanie Walker,,NE,"1,000,000.00","1,000,000.00",,,,,,
Jason Myers,,NE,"2,000,000.00","2,000,000.00",,,,,,
Christian Wilkins,,NE,"2,000,000.00","2,000,000.00",,,,,,
Vernon Butler,,NE,"1,000,000.00","1,000,000.00",,,,,,
Tanoh Kpassagnon,,NE,"2,000,000.00","2,000,000.00","2,000,000.00",,,,,
Kyle Phillips,,NE,"1,000,000.00",,,,,,,
Terrell Suggs,,NE,"1,000,000.00",,,,,,,
Matt Milano,,NE,"7,000,000.00","7,000,000.00","7,000,000.00","7,000,000.00","7,000,000.00",,,
Mack Wilson,,NE,"6,000,000.00","6,000,000.00","6,000,000.00","6,000,000.00","6,000,000.00",,,
David Mayo,,NE,"3,000,000.00","3,000,000.00","3,000,000.00","3,000,000.00",,,,
Nicholas Morrow,,NE,"3,000,000.00","3,000,000.00","3,000,000.00",,,,,
Tarell Basham,,NE,"1,000,000.00",,,,,,,
Jalen Reeves-Maybin,,NE,"1,000,000.00",,,,,,,
Tae Crowder,,NE,"500,000.00","500,000.00","500,000.00",,,,,
Chidobe Awuzie,,NE,"4,000,000.00","4,000,000.00","4,000,000.00","4,000,000.00",,,,
Nik Needham,,NE,"3,000,000.00","3,000,000.00","3,000,000.00",,,,,
Maurice Canady,,NE,"1,000,000.00",,,,,,,
CJ Henderson,,NE,"2,000,000.00","2,000,000.00","2,000,000.00","2,000,000.00",,,,
Marcus Williams,,NE,"3,000,000.00","3,000,000.00","3,000,000.00","3,000,000.00",,,,
Marcus Maye,,NE,"3,000,000.00","3,000,000.00","3,000,000.00",,,,,
Trey Marshall,,NE,"1,000,000.00",,,,,,,
Sam Darnold,,NO,"11,000,000.00","11,000,000.00","11,000,000.00","11,000,000.00","11,000,000.00",,,
Cam Newton,,NO,"4,500,000.00","4,500,000.00","4,500,000.00",,,,,
Phillip Lindsay,,NO,"8,000,000.00","8,000,000.00","8,000,000.00",,,,,
Jalen Richard,,NO,"3,000,000.00","3,000,000.00",,,,,,
Tyler Ervin,,NO,"1,000,000.00",,,,,,,
Ke'Shawn Vaughn,,NO,"4,500,000.00","4,500,000.00","4,500,000.00","4,500,000.00",,,,
Cooper Kupp,,NO,"13,000,000.00","13,000,000.00","13,000,000.00","13,000,000.00","13,000,000.00",,,
Sterling Shepard,,NO,"6,000,000.00","6,000,000.00","6,000,000.00","6,000,000.00",,,,
Tyrell Williams,,NO,"4,000,000.00","4,000,000.00","4,000,000.00","4,000,000.00",,,,
Taylor Gabriel,,NO,"1,000,000.00","1,000,000.00",,,,,,
Damiere Byrd,,NO,"1,000,000.00",,,,,,,
Zach Ertz,,NO,"9,000,000.00","9,000,000.00","9,000,000.00","9,000,000.00",,,,
Charles Clay,,NO,"1,000,000.00",,,,,,,
Robbie Gould,,NO,"2,000,000.00","2,000,000.00","2,000,000.00",,,,,
Brett Maher,,NO,"1,000,000.00",,,,,,,
Shelby Harris,,NO,"2,000,000.00","2,000,000.00","2,000,000.00",,,,,
Dontari Poe,,NO,"1,000,000.00",,,,,,,
Jadeveon Clowney,,NO,"3,000,000.00","3,000,000.00","3,000,000.00","3,000,000.00","3,000,000.00",,,
Tyson Alualu,,NO,"2,000,000.00","2,000,000.00",,,,,,
Chris Odom,,NO,"1,000,000.00",,,,,,,
James Burgess,,NO,"3,500,000.00","3,500,000.00","3,500,000.00","3,500,000.00",,,,
Von Miller,,NO,"3,000,000.00","3,000,000.00","3,000,000.00","3,000,000.00",,,,
Nigel Bradham,,NO,"2,000,000.00",,,,,,,
Cassius Marsh,,NO,"1,000,000.00",,,,,,,
Anfernee Jennings,,NO,"2,000,000.00","2,000,000.00","2,000,000.00","2,000,000.00",,,,
Tre'Davious White,,NO,"7,000,000.00","7,000,000.00","7,000,000.00","7,000,000.00","7,000,000.00",,,
Patrick Peterson,,NO,"3,000,000.00","3,000,000.00","3,000,000.00","3,000,000.00",,,,
Josh Norman,,NO,"1,000,000.00","1,000,000.00",,,,,,
Jimmy Smith,,NO,"1,000,000.00","1,000,000.00",,,,,,
Eric Reid,,NO,"5,000,000.00","5,000,000.00","5,000,000.00",,,,,
Jimmie Ward,,NO,"3,000,000.00","3,000,000.00","3,000,000.00",,,,,
Adrian Phillips,,NO,"2,000,000.00","2,000,000.00",,,,,,
Roderic Teamer,,NO,"1,000,000.00",,,,,,,
Terrell Burgess,,NO,"1,000,000.00","1,000,000.00","1,000,000.00",,,,,
Julian Blackmon,,NO,"500,000.00","500,000.00","500,000.00",,,,,
Carson Wentz,,NYG,"12,000,000.00","12,000,000.00","12,000,000.00","12,000,000.00","12,000,000.00",,,
Nate Sudfeld,,NYG,"1,000,000.00",,,,,,,
Darrell Henderson Jr.,,NYG,"9,000,000.00","9,000,000.00",,,,,,
Tony Pollard,,NYG,"3,500,000.00","3,500,000.00","3,500,000.00",,,,,
Mike Boone,,NYG,"1,000,000.00","1,000,000.00",,,,,,
Jeff Wilson Jr.,,NYG,"1,000,000.00",,,,,,,
Clyde Edwards-Helaire,,NYG,"5,000,000.00","5,000,000.00","5,000,000.00","5,000,000.00",,,,
JaMycal Hasty,,NYG,"1,000,000.00","1,000,000.00","1,000,000.00",,,,,
DJ Moore,,NYG,"12,000,000.00","12,000,000.00","12,000,000.00","12,000,000.00","12,000,000.00",,,
Anthony Miller,,NYG,"6,000,000.00","6,000,000.00","6,000,000.00",,,,,
John Ross III,,NYG,"5,000,000.00","5,000,000.00",,,,,,
Robert Foster,,NYG,"1,000,000.00",,,,,,,
Donovan Peoples-Jones,,NYG,"1,500,000.00","1,500,000.00","1,500,000.00","1,500,000.00",,,,
DJ Chark Jr.,,NYG,"9,000,000.00","9,000,000.00","9,000,000.00","9,000,000.00","9,000,000.00",,,
Irv Smith Jr.,,NYG,"7,000,000.00","7,000,000.00","7,000,000.00","7,000,000.00","7,000,000.00",,,
Joey Slye,,NYG,"2,000,000.00","2,000,000.00","2,000,000.00","2,000,000.00",,,,
Maurice Hurst,,NYG,"2,000,000.00","2,000,000.00","2,000,000.00",,,,,
Tyrone Crawford,,NYG,"500,000.00",,,,,,,
Takkarist McKinley,,NYG,"2,000,000.00","2,000,000.00",,,,,,
Kemoko Turay,,NYG,"2,000,000.00","2,000,000.00","2,000,000.00",,,,,
Fred Warner,,NYG,"8,000,000.00","8,000,000.00","8,000,000.00","8,000,000.00","8,000,000.00",,,
Eric Wilson,,NYG,"3,000,000.00","3,000,000.00","3,000,000.00","3,000,000.00",,,,
Micah Kiser,,NYG,"3,000,000.00",,,,,,,
Ryan Kerrigan,,NYG,"1,000,000.00",,,,,,,
Quandre Diggs,,NYG,"3,000,000.00","3,000,000.00","3,000,000.00",,,,,
Jamel Dean,,NYG,"3,000,000.00","3,000,000.00","3,000,000.00","3,000,000.00","3,000,000.00",,,
Emmanuel Moseley,,NYG,"2,000,000.00","2,000,000.00","2,000,000.00",,,,,
Troy Hill,,NYG,"1,000,000.00",,,,,,,
Chuck Clark,,NYG,"4,000,000.00","4,000,000.00","4,000,000.00","4,000,000.00","4,000,000.00",,,
Rodney McLeod,,NYG,"3,000,000.00","3,000,000.00",,,,,,
Jimmy Garoppolo,,NYJ,"9,000,000.00","9,000,000.00","9,000,000.00",,,,,
Ryan Finley,,NYJ,"1,000,000.00",,,,,,,
Austin Ekeler,,NYJ,"12,000,000.00","12,000,000.00","12,000,000.00","12,000,000.00",,,,
Melvin Gordon III,,NYJ,"12,000,000.00","12,000,000.00","12,000,000.00",,,,,
Tarik Cohen,,NYJ,"6,000,000.00","6,000,000.00","6,000,000.00","6,000,000.00",,,,
Carlos Hyde,,NYJ,"2,000,000.00","2,000,000.00",,,,,,
Frank Gore,,NYJ,"1,000,000.00",,,,,,,
Antonio Brown,,NYJ,"5,000,000.00","5,000,000.00",,,,,,
JJ Arcega-Whiteside,,NYJ,"4,500,000.00","4,500,000.00",,,,,,
Tajae Sharpe,,NYJ,"3,000,000.00","3,000,000.00","3,000,000.00",,,,,
Josh Reynolds,,NYJ,"2,000,000.00","2,000,000.00","2,000,000.00",,,,,
Chad Beebe,,NYJ,"1,000,000.00",,,,,,,
Jerry Jeudy,,NYJ,"5,000,000.00","5,000,000.00","5,000,000.00","5,000,000.00",,,,
Jacob Hollister,,NYJ,"2,000,000.00","2,000,000.00","2,000,000.00",,,,,
Donald Parham Jr.,,NYJ,"1,000,000.00",,,,,,,
Justin Tucker,,NYJ,"4,000,000.00","4,000,000.00","4,000,000.00","4,000,000.00",,,,
Larry Ogunjobi,,NYJ,"3,000,000.00","3,000,000.00","3,000,000.00","3,000,000.00",,,,
Daniel McCullers,,NYJ,"1,000,000.00",,,,,,,
Danielle Hunter,,NYJ,"8,000,000.00","8,000,000.00","8,000,000.00","8,000,000.00",,,,
Zach Allen,,NYJ,"2,000,000.00","2,000,000.00",,,,,,
Charles Harris,,NYJ,"1,000,000.00","1,000,000.00",,,,,,
Kwon Alexander,,NYJ,"7,000,000.00","7,000,000.00","7,000,000.00","7,000,000.00","7,000,000.00",,,
Preston Smith,,NYJ,"3,500,000.00","3,500,000.00",,,,,,
Kyzir White,,NYJ,"3,000,000.00","3,000,000.00","3,000,000.00","3,000,000.00",,,,
Sione Takitaki,,NYJ,"3,000,000.00","3,000,000.00","3,000,000.00","3,000,000.00","3,000,000.00",,,
Duke Riley,,NYJ,"1,000,000.00",,,,,,,
Nate Orchard,,NYJ,"1,000,000.00",,,,,,,
Isaiah Simmons,,NYJ,"3,500,000.00","3,500,000.00","3,500,000.00","3,500,000.00",,,,
Greedy Williams,,NYJ,"2,000,000.00","2,000,000.00","2,000,000.00","2,000,000.00","2,000,000.00",,,
Lonnie Johnson Jr.,,NYJ,"1,000,000.00","1,000,000.00","1,000,000.00","1,000,000.00","1,000,000.00",,,
Nasir Adderley,,NYJ,"3,000,000.00","3,000,000.00","3,000,000.00","3,000,000.00","3,000,000.00",,,
Tony Jefferson,,NYJ,"1,000,000.00","1,000,000.00","1,000,000.00",,,,,
D.J. Swearinger,,NYJ,"1,000,000.00","1,000,000.00",,,,,,
Brandon Jones,,NYJ,"500,000.00","500,000.00","500,000.00",,,,,
Kyle Dugger,,NYJ,"1,000,000.00","1,000,000.00","1,000,000.00",,,,,
Teddy Bridgewater,,PHI,"9,000,000.00","9,000,000.00","9,000,000.00","9,000,000.00",,,,
Ezekiel Elliott,,PHI,"15,000,000.00","15,000,000.00","15,000,000.00",,,,,
Benny Snell Jr.,,PHI,"4,000,000.00","4,000,000.00",,,,,,
Kyle Juszczyk,,PHI,"1,000,000.00",,,,,,,
C.J. Ham,,PHI,"1,000,000.00",,,,,,,
Corey Clement,,PHI,"1,000,000.00",,,,,,,
Calvin Ridley,,PHI,"9,000,000.00","9,000,000.00","9,000,000.00","9,000,000.00","9,000,000.00",,,
DeSean Jackson,,PHI,"3,500,000.00",,,,,,,
Riley Ridley,,PHI,"2,000,000.00","2,000,000.00",,,,,,
Jakeem Grant,,PHI,"1,000,000.00",,,,,,,
Travis Fulgham,,PHI,"1,000,000.00","1,000,000.00",,,,,,
Vyncint Smith,,PHI,"1,000,000.00",,,,,,,
Antonio Gandy-Golden,,PHI,"3,000,000.00","3,000,000.00","3,000,000.00","3,000,000.00",,,,
Kaden Smith,,PHI,"2,000,000.00","2,000,000.00","2,000,000.00","2,000,000.00","2,000,000.00",,,
Ricky Seals-Jones,,PHI,"1,000,000.00",,,,,,,
Hale Hentges,,PHI,"1,000,000.00","1,000,000.00","1,000,000.00",,,,,
Josiah Deguara,,PHI,"500,000.00","500,000.00","500,000.00",,,,,
Jason Sanders,,PHI,"2,000,000.00","2,000,000.00","2,000,000.00",,,,,
Fletcher Cox,,PHI,"3,000,000.00","3,000,000.00","3,000,000.00",,,,,
Robert Quinn,,PHI,"3,000,000.00","3,000,000.00",,,,,,
Marcus Davenport,,PHI,"3,000,000.00","3,000,000.00","3,000,000.00","3,000,000.00",,,,
Roy Robertson-Harris,,PHI,"1,000,000.00",,,,,,,
Isaiah Buggs,,PHI,"1,000,000.00","1,000,000.00","1,000,000.00","1,000,000.00",,,,
Devin White,,PHI,"8,000,000.00","8,000,000.00","8,000,000.00","8,000,000.00","8,000,000.00",,,
Anthony Walker,,PHI,"7,000,000.00","7,000,000.00","7,000,000.00","7,000,000.00",,,,
Bradley Chubb,,PHI,"4,500,000.00","4,500,000.00","4,500,000.00","4,500,000.00","4,500,000.00",,,
Raekwon McMillan,,PHI,"3,000,000.00","3,000,000.00",,,,,,
Kenneth Murray,,PHI,"3,500,000.00","3,500,000.00","3,500,000.00","3,500,000.00",,,,
Kevin King,,PHI,"5,000,000.00","5,000,000.00","5,000,000.00",,,,,
A.J. Bouye,,PHI,"3,000,000.00","3,000,000.00","3,000,000.00",,,,,
Ronald Darby,,PHI,"2,000,000.00","2,000,000.00",,,,,,
Sidney Jones IV,,PHI,"1,000,000.00","1,000,000.00","1,000,000.00","1,000,000.00",,,,
Justin Simmons,,PHI,"6,000,000.00","6,000,000.00","6,000,000.00","6,000,000.00","6,000,000.00",,,
Sheldrick Redwine,,PHI,"2,000,000.00","2,000,000.00","2,000,000.00","2,000,000.00",,,,
K'Von Wallace,,PHI,"1,000,000.00","1,000,000.00","1,000,000.00",,,,,
Jameis Winston,,PIT,"4,500,000.00","4,500,000.00","4,500,000.00","4,500,000.00",,,,
Cooper Rush,,PIT,"1,000,000.00",,,,,,,
Mike Glennon,,PIT,"1,000,000.00",,,,,,,
Tyrod Taylor,,PIT,"4,500,000.00",,,,,,,
Miles Sanders,,PIT,"12,000,000.00","12,000,000.00","12,000,000.00","12,000,000.00","12,000,000.00",,,
Kareem Hunt,,PIT,"8,000,000.00","8,000,000.00","8,000,000.00","8,000,000.00",,,,
Trayveon Williams,,PIT,"1,000,000.00","1,000,000.00",,,,,,
Jonathan Taylor,,PIT,"5,000,000.00","5,000,000.00","5,000,000.00","5,000,000.00",,,,
Amari Cooper,,PIT,"12,000,000.00","12,000,000.00","12,000,000.00","12,000,000.00","12,000,000.00",,,
Diontae Johnson,,PIT,"9,000,000.00","9,000,000.00","9,000,000.00","9,000,000.00","9,000,000.00",,,
Russell Gage,,PIT,"3,000,000.00","3,000,000.00","3,000,000.00",,,,,
Javon Wims,,PIT,"1,000,000.00",,,,,,,
Antonio Callaway,,PIT,"1,000,000.00",,,,,,,
David Njoku,,PIT,"3,000,000.00","3,000,000.00","3,000,000.00",,,,,
Maxx Williams,,PIT,"1,000,000.00",,,,,,,
Jordan Reed,,PIT,"1,000,000.00",,,,,,,
Mason Crosby,,PIT,"2,000,000.00","2,000,000.00",,,,,,
Jonathan Allen,,PIT,"3,000,000.00","3,000,000.00","3,000,000.00","3,000,000.00",,,,
Jerry Tillery,,PIT,"1,000,000.00","1,000,000.00",,,,,,
Frank Clark,,PIT,"3,000,000.00","3,000,000.00","3,000,000.00",,,,,
Derek Barnett,,PIT,"2,000,000.00","2,000,000.00","2,000,000.00",,,,,
Randy Gregory,,PIT,"1,000,000.00",,,,,,,
Christian Kirksey,,PIT,"6,000,000.00","6,000,000.00","6,000,000.00",,,,,
Ryan Connelly,,PIT,"4,000,000.00","4,000,000.00","4,000,000.00","4,000,000.00",,,,
Vince Biegel,,PIT,"2,000,000.00","2,000,000.00",,,,,,
Ryan Anderson,,PIT,"2,000,000.00",,,,,,,
Ben Niemann,,PIT,"1,000,000.00",,,,,,,
Malik Harrison,,PIT,"1,500,000.00","1,500,000.00","1,500,000.00","1,500,000.00",,,,
Terrell Lewis,,PIT,"1,000,000.00","1,000,000.00","1,000,000.00",,,,,
Byron Murphy,,PIT,"3,500,000.00","3,500,000.00","3,500,000.00","3,500,000.00",,,,
William Jackson III,,PIT,"1,000,000.00",,,,,,,
Jordan Poyer,,PIT,"7,000,000.00","7,000,000.00","7,000,000.00",,,,,
Keanu Neal,,PIT,"5,000,000.00","5,000,000.00","5,000,000.00","5,000,000.00",,,,
Jalen Mills,,PIT,"3,000,000.00","3,000,000.00",,,,,,
Sean Davis,,PIT,"2,000,000.00","2,000,000.00",,,,,,
Daniel Jones,,SF,"13,000,000.00","13,000,000.00","13,000,000.00","13,000,000.00","13,000,000.00",,,
Jordan Howard,,SF,"8,000,000.00","8,000,000.00","8,000,000.00",,,,,
Nyheim Hines,,SF,"5,000,000.00","5,000,000.00","5,000,000.00","5,000,000.00",,,,
Patrick Laird,,SF,"4,500,000.00",,,,,,,
Qadree Ollison,,SF,"2,000,000.00","2,000,000.00",,,,,,
Miles Boykin,,SF,"4,000,000.00","4,000,000.00","4,000,000.00","4,000,000.00",,,,
KhaDarel Hodge,,SF,"3,000,000.00",,,,,,,
Richie James Jr.,,SF,"1,000,000.00",,,,,,,
DeAndre Carter,,SF,"1,000,000.00",,,,,,,
Ceedee Lamb,,SF,"4,500,000.00","4,500,000.00","4,500,000.00","4,500,000.00",,,,
Josh Oliver,,SF,"3,000,000.00","3,000,000.00","3,000,000.00",,,,,
Albert Okwuegbunam,,SF,"1,000,000.00","1,000,000.00","1,000,000.00",,,,,
Chris Boswell,,SF,"3,000,000.00","3,000,000.00","3,000,000.00",,,,,
Daniel Carlson,,SF,"1,000,000.00","1,000,000.00",,,,,,
Quinnen Williams,,SF,"3,000,000.00","3,000,000.00","3,000,000.00","3,000,000.00",,,,
Dexter Lawrence II,,SF,"2,000,000.00","2,000,000.00","2,000,000.00","2,000,000.00","2,000,000.00",,,
DaQuan Jones,,SF,"1,000,000.00",,,,,,,
Corey Peters,,SF,"1,000,000.00",,,,,,,
Star Lotulelei,,SF,"1,000,000.00",,,,,,,
Nick Bosa,,SF,"7,000,000.00","7,000,000.00","7,000,000.00","7,000,000.00","7,000,000.00",,,
Solomon Thomas,,SF,"2,000,000.00","2,000,000.00",,,,,,
James Lynch,,SF,"500,000.00","500,000.00","500,000.00",,,,,
Darius Leonard,,SF,"11,000,000.00","11,000,000.00","11,000,000.00","11,000,000.00","11,000,000.00",,,
Rashaan Evans,,SF,"9,000,000.00","9,000,000.00","9,000,000.00","9,000,000.00","9,000,000.00",,,
Khalil Mack,,SF,"6,000,000.00","6,000,000.00","6,000,000.00","6,000,000.00",,,,
Quincy Williams,,SF,"2,000,000.00","2,000,000.00",,,,,,
Buster Skrine,,SF,"1,000,000.00",,,,,,,
Rasul Douglas,,SF,"1,000,000.00","1,000,000.00",,,,,,
Darious Williams,,SF,"1,000,000.00",,,,,,,
Jeff Gladney,,SF,"2,000,000.00","2,000,000.00","2,000,000.00","2,000,000.00",,,,
Chauncey Gardner-Johnson,,SF,"3,000,000.00","3,000,000.00","3,000,000.00","3,000,000.00","3,000,000.00",,,
Tarvarius Moore,,SF,"2,000,000.00",,,,,,,
Lamarcus Joyner,,SF,"1,000,000.00","1,000,000.00",,,,,,
George Odum,,SF,"1,000,000.00",,,,,,,
Patrick Mahomes,,SEA,"15,000,000.00","15,000,000.00","15,000,000.00","15,000,000.00","15,000,000.00",,,
Dare Ogunbowale,,SEA,"3,000,000.00","3,000,000.00",,,,,,
Jordan Wilkins,,SEA,"2,000,000.00",,,,,,,
Rashaad Penny,,SEA,"6,000,000.00","6,000,000.00","6,000,000.00",,,,,
Robby Anderson,,SEA,"8,000,000.00","8,000,000.00","8,000,000.00","8,000,000.00",,,,
Dante Pettis,,SEA,"3,000,000.00","3,000,000.00",,,,,,
Deon Cain,,SEA,"1,000,000.00",,,,,,,
Trevor Davis,,SEA,"1,000,000.00",,,,,,,
Paul Richardson Jr.,,SEA,"1,000,000.00",,,,,,,
Dallas Goedert,,SEA,"7,000,000.00","7,000,000.00","7,000,000.00","7,000,000.00","7,000,000.00",,,
Younghoe Koo,,SEA,"3,000,000.00","3,000,000.00","3,000,000.00",,,,,
DeForest Buckner,,SEA,"6,000,000.00","6,000,000.00","6,000,000.00","6,000,000.00","6,000,000.00",,,
Taven Bryan,,SEA,"1,000,000.00",,,,,,,
Josh Sweat,,SEA,"3,000,000.00","3,000,000.00","3,000,000.00",,,,,
Da'Shawn Hand,,SEA,"1,000,000.00","1,000,000.00",,,,,,
Arden Key,,SEA,"1,000,000.00",,,,,,,
Jabari Zuniga,,SEA,"1,000,000.00","1,000,000.00","1,000,000.00",,,,,
Darrell Taylor,,SEA,"500,000.00","500,000.00","500,000.00",,,,,
A.J. Johnson,,SEA,"4,500,000.00",,,,,,,
Dre Greenlaw,,SEA,"4,000,000.00","4,000,000.00","4,000,000.00","4,000,000.00",,,,
Drue Tranquill,,SEA,"3,500,000.00","3,500,000.00","3,500,000.00","3,500,000.00","3,000,000.00",,,
Shaun Dion Hamilton,,SEA,"2,000,000.00","2,000,000.00","2,000,000.00",,,,,
Jaylon Ferguson,,SEA,"2,000,000.00","2,000,000.00",,,,,,
Oshane Ximines,,SEA,"1,000,000.00","1,000,000.00",,,,,,
Willie Gay Jr.,,SEA,"3,000,000.00","3,000,000.00","3,000,000.00","3,000,000.00","3,000,000.00",,,
Charvarius Ward,,SEA,"3,000,000.00","3,000,000.00","3,000,000.00","3,000,000.00",,,,
Isaiah Oliver,,SEA,"2,000,000.00","2,000,000.00","2,000,000.00",,,,,
Marvell Tell III,,SEA,"1,000,000.00",,,,,,,
Arthur Maulet,,SEA,"1,000,000.00",,,,,,,
Johnathan Abram,,SEA,"5,000,000.00","5,000,000.00","5,000,000.00","5,000,000.00",,,,
Will Harris,,SEA,"2,000,000.00","2,000,000.00","2,000,000.00",,,,,
Siran Neal,,SEA,"1,000,000.00","1,000,000.00",,,,,,
Troy Apke,,SEA,"1,000,000.00",,,,,,,
Xavier McKinney,,SEA,"3,500,000.00","3,500,000.00","3,500,000.00","3,500,000.00",,,,
Mitchell Trubisky,,TB,"4,000,000.00","4,000,000.00",,,,,,
Jacoby Brissett,,TB,"3,500,000.00","3,500,000.00",,,,,,
Ryan Fitzpatrick,,TB,"3,000,000.00",,,,,,,
Devlin Hodges,,TB,"1,000,000.00",,,,,,,
Justin Herbert,,TB,"4,500,000.00","4,500,000.00","4,500,000.00","4,500,000.00",,,,
Aaron Jones,,TB,"13,000,000.00","13,000,000.00","13,000,000.00",,,,,
Le'Veon Bell,,TB,"11,000,000.00","11,000,000.00","11,000,000.00",,,,,
Trey Edmunds,,TB,"1,000,000.00",,,,,,,
Mike Williams,,TB,"8,000,000.00","8,000,000.00","8,000,000.00","8,000,000.00","8,000,000.00",,,
Emmanuel Sanders,,TB,"6,000,000.00","6,000,000.00",,,,,,
Larry Fitzgerald,,TB,"4,500,000.00","4,500,000.00",,,,,,
Keelan Cole,,TB,"2,000,000.00","2,000,000.00","2,000,000.00",,,,,
Demaryius Thomas,,TB,"1,000,000.00",,,,,,,
Kyle Rudolph,,TB,"3,000,000.00","3,000,000.00",,,,,,
Jason Witten,,TB,"2,000,000.00",,,,,,,
Jesse James,,TB,"1,000,000.00",,,,,,,
Adam Trautman,,TB,"2,000,000.00","2,000,000.00","2,000,000.00","2,000,000.00",,,,
Sam Ficken,,TB,"1,000,000.00",,,,,,,
Jordan Phillips,,TB,"1,000,000.00","1,000,000.00","1,000,000.00",,,,,
Derrick Brown,,TB,"1,000,000.00","1,000,000.00","1,000,000.00",,,,,
Everson Griffen,,TB,"3,000,000.00",,,,,,,
Lawrence Guy,,TB,"2,000,000.00","2,000,000.00",,,,,,
Ifeadi Odenigbo,,TB,"2,000,000.00","2,000,000.00","2,000,000.00","2,000,000.00",,,,
Tremaine Edmunds,,TB,"9,000,000.00","9,000,000.00","9,000,000.00","9,000,000.00","9,000,000.00",,,
Bud Dupree,,TB,"5,000,000.00","5,000,000.00","5,000,000.00",,,,,
Sean Lee,,TB,"3,000,000.00",,,,,,IR,
Kenny Young,,TB,"1,000,000.00","1,000,000.00","1,000,000.00",,,,,
L.J. Fort,,TB,"1,000,000.00",,,,,,,
Shaquille Quarterman,,TB,"500,000.00","500,000.00","500,000.00",,,,,
P.J. Williams,,TB,"1,000,000.00",,,,,,,
Casey Hayward Jr.,,TB,"1,000,000.00",,,,,,,
Minkah Fitzpatrick,,TB,"7,000,000.00","7,000,000.00","7,000,000.00","7,000,000.00","7,000,000.00",,,
Erik Harris,,TB,"3,000,000.00",,,,,,,
Daniel Sorensen,,TB,"2,000,000.00",,,,,,,
Armani Watts,,TB,"1,000,000.00","1,000,000.00","1,000,000.00","1,000,000.00",,,,
Deshaun Watson,,TEN,"15,000,000.00","15,000,000.00","15,000,000.00","15,000,000.00","15,000,000.00",,,
David Blough,,TEN,"1,000,000.00","1,000,000.00",,,,,,
Jalen Hurts,,TEN,"3,500,000.00","3,500,000.00","3,500,000.00","3,500,000.00",,,,
AJ McCarron,,TEN,"1,000,000.00",,,,,,,
Todd Gurley II,,TEN,"9,000,000.00","9,000,000.00","9,000,000.00",,,,,
James White,,TEN,"8,000,000.00","8,000,000.00","8,000,000.00","8,000,000.00",,,,
Peyton Barber,,TEN,"2,000,000.00","2,000,000.00",,,,,,
Jarvis Landry,,TEN,"9,000,000.00","9,000,000.00","9,000,000.00","9,000,000.00",,,,
Steven Sims Jr.,,TEN,"6,000,000.00","6,000,000.00","6,000,000.00","6,000,000.00","6,000,000.00",,,
Zach Pascal,,TEN,"4,000,000.00","4,000,000.00","4,000,000.00","4,000,000.00","4,000,000.00",,,
Ted Ginn Jr.,,TEN,"1,000,000.00",,,,,,,
Cody Latimer,,TEN,"2,000,000.00","2,000,000.00",,,,,,
Jimmy Graham,,TEN,"3,000,000.00",,,,,,,
Josh Hill,,TEN,"1,000,000.00",,,,,,,
Demetrius Harris,,TEN,"1,000,000.00",,,,,,,
Cole Kmet,,TEN,"3,000,000.00","3,000,000.00","3,000,000.00","3,000,000.00",,,,
Matt Prater,,TEN,"3,000,000.00","3,000,000.00",,,,,,
Eddy Pineiro,,TEN,"1,000,000.00","1,000,000.00",,,,,,
Sam Sloman,,TEN,"500,000.00","500,000.00","500,000.00",,,,,
Danny Shelton,,TEN,"2,000,000.00","2,000,000.00","2,000,000.00","2,000,000.00",,,,
Sam Hubbard,,TEN,"4,500,000.00","4,500,000.00","4,500,000.00","4,500,000.00","4,500,000.00",,,
Mario Addison,,TEN,"2,000,000.00","2,000,000.00","2,000,000.00",,,,,
De'Vondre Campbell,,TEN,"7,000,000.00","7,000,000.00","7,000,000.00","7,000,000.00","7,000,000.00",,,
Nathan Gerry,,TEN,"3,500,000.00","3,500,000.00","3,500,000.00","3,500,000.00","3,500,000.00",,,
Thomas Davis Sr.,,TEN,"3,000,000.00",,,,,,,
Joe Walker,,TEN,"1,000,000.00","1,000,000.00","1,000,000.00","1,000,000.00",,,,
Logan Ryan,,TEN,"5,000,000.00","5,000,000.00","5,000,000.00",,,,,
Richard Sherman,,TEN,"3,000,000.00","3,000,000.00",,,,,,
Darryl Roberts,,TEN,"1,000,000.00",,,,,,,
D.J. Hayden,,TEN,"1,000,000.00",,,,,,,
Nickell Robey-Coleman,,TEN,"1,000,000.00","1,000,000.00","1,000,000.00",,,,,
Jaylon Johnson,,TEN,"1,000,000.00","1,000,000.00","1,000,000.00",,,,,
Anthony Harris,,TEN,"3,000,000.00","3,000,000.00","3,000,000.00",,,,,
Rayshawn Jenkins,,TEN,"2,000,000.00","2,000,000.00","2,000,000.00",,,,,
Tom Brady,,WAS,"9,000,000.00","9,000,000.00",,,,,,
Kyle Allen,,WAS,"2,000,000.00","2,000,000.00",,,,,,
Tua Tagovailoa,,WAS,"5,000,000.00","5,000,000.00","5,000,000.00","5,000,000.00",,,,
Marlon Mack,,WAS,"12,000,000.00","12,000,000.00","12,000,000.00","12,000,000.00",,,,
Matt Breida,,WAS,"3,500,000.00",,,,,,,
Kalen Ballage,,WAS,"1,000,000.00",,,,,,,
DeeJay Dallas,,WAS,"1,500,000.00","1,500,000.00","1,500,000.00","1,500,000.00",,,,
Stefon Diggs,,WAS,"12,000,000.00","12,000,000.00","12,000,000.00","12,000,000.00","12,000,000.00",,,
Will Fuller V,,WAS,"8,000,000.00","8,000,000.00","8,000,000.00","8,000,000.00",,,,
Marquez Valdes-Scantling,,WAS,"3,000,000.00",,,,,,,
Kalif Raymond,,WAS,"1,000,000.00",,,,,,,
Hayden Hurst,,WAS,"6,000,000.00","6,000,000.00","6,000,000.00",,,,,
Nick Boyle,,WAS,"1,000,000.00","1,000,000.00",,,,,,
Anthony Firkser,,WAS,"1,000,000.00",,,,,,,
Aldrick Rosas,,WAS,"2,000,000.00","2,000,000.00","2,000,000.00",,,,,
Derrick Nnadi,,WAS,"1,000,000.00",,,,,,,
Poona Ford,,WAS,"1,000,000.00",,,,,,,
Tyler Lancaster,,WAS,"1,000,000.00",,,,,,,
Javon Kinlaw,,WAS,"1,000,000.00","1,000,000.00","1,000,000.00",,,,,
Clelin Ferrell,,WAS,"3,000,000.00","3,000,000.00","3,000,000.00","3,000,000.00",,,,
Calais Campbell,,WAS,"3,000,000.00","3,000,000.00",,,,,,
Austin Bryant,,WAS,"1,000,000.00","1,000,000.00","1,000,000.00",,,,,
Harold Landry III,,WAS,"7,000,000.00","7,000,000.00","7,000,000.00","7,000,000.00","7,000,000.00",,,
Dante Fowler Jr.,,WAS,"4,500,000.00","4,500,000.00",,,,,,
Brian Burns,,WAS,"3,000,000.00","3,000,000.00","3,000,000.00","3,000,000.00",,,,
Bruce Irvin,,WAS,"2,000,000.00","2,000,000.00",,,,,,
Ben Gedeon,,WAS,"1,000,000.00",,,,,,,
Shaquem Griffin,,WAS,"1,000,000.00",,,,,,,
Darius Slay,,WAS,"4,000,000.00","4,000,000.00","4,000,000.00","4,000,000.00",,,,
Jonathan Jones,,WAS,"2,000,000.00",,,,,,,
Ahkello Witherspoon,,WAS,"1,000,000.00","1,000,000.00","1,000,000.00",,,,,
Amik Robinson,,WAS,"500,000.00","500,000.00","500,000.00",,,,,
Darnell Savage,,WAS,"5,000,000.00","5,000,000.00","5,000,000.00","5,000,000.00",,,,
Earl Thomas III,,WAS,"3,000,000.00","3,000,000.00","3,000,000.00",,,,,
Marquise Blair,,WAS,"2,000,000.00","2,000,000.00","2,000,000.00",,,,,